Date,District,Reservoir Name,Reservoir Capacity (BCM),Reservoir Water Level (BCM),Rainfall (mm),Evapotranspiration Rate (mm),Cloud Cover (%),Population,Average Water Usage for Agriculture (MLD),Industry Water Usage (MLD),Domestic Water Usage (MLD)
2023-01-01,Bengaluru Urban,Almatti,0.6,0.15,62.96,3.31,25,4793120,278.14,72.94,182.01
2023-01-02,Bengaluru Urban,Narayanapura,1.13,0.72,95.36,4.96,29,3784414,100.09,19.25,196.97
2023-01-03,Bengaluru Urban,Krishna Raja Sagara,0.14,0.08,19.59,3.26,94,2600646,151.05,13.02,78.66
2023-01-04,Bengaluru Urban,Hemavathi,0.62,0.53,99.87,5.24,28,3905719,258.39,89.55,107.57
2023-01-05,Bengaluru Urban,Malaprabha,0.18,0.04,7.76,9.32,93,4893720,124.15,83.95,37.44
2023-01-06,Bengaluru Urban,Harangi,0.42,0.16,4.9,3.73,11,3856024,139.43,57.94,64.78
2023-01-07,Bengaluru Urban,Narayanapura,0.7,0.28,6.34,6.07,74,990212,57.78,11.42,166.25
2023-01-08,Bengaluru Urban,Krishna Raja Sagara,0.75,0.61,12.41,4.16,28,1255335,67.56,80.37,26.76
2023-01-09,Bengaluru Urban,Bhadra,0.74,0.4,86.5,1.72,13,438717,145.1,71.2,115.49
2023-01-10,Bengaluru Urban,Krishna Raja Sagara,0.12,0.04,27.94,2.53,2,3761561,91.03,89.43,85.24
2023-01-11,Bengaluru Urban,Linganamakki,1.14,0.92,66.16,5.47,43,3146621,134.73,24.55,41.91
2023-01-12,Bengaluru Urban,Krishna Raja Sagara,0.97,0.18,53.23,3.78,64,4021722,257.92,44.6,78.77
2023-01-13,Bengaluru Urban,Almatti,1.26,0.49,43.28,5.65,16,2419972,245.25,52.94,24.77
2023-01-14,Bengaluru Urban,Kabini,1.45,0.77,91.02,5.53,75,4805437,52.27,77.72,79.9
2023-01-15,Bengaluru Urban,Harangi,1.46,0.98,46.93,7.93,2,1924427,205.44,97.65,38.1
2023-01-16,Bengaluru Urban,Linganamakki,0.19,0.16,95.38,0.51,73,2541175,214.31,33.13,112.78
2023-01-17,Bengaluru Urban,Kabini,1.43,1.41,17.56,4.57,40,2012172,270.3,73.25,137.33
2023-01-18,Bengaluru Urban,Hemavathi,0.34,0.11,29.69,8.79,13,2455214,66.78,60.46,153.02
2023-01-19,Bengaluru Urban,Kabini,0.29,0.15,51.53,4.65,68,1326143,81.52,73.2,101.87
2023-01-20,Bengaluru Urban,Kabini,0.61,0.53,17.76,5.29,80,1001159,243.7,76.88,48.39
2023-01-21,Bengaluru Urban,Hemavathi,0.26,0.02,70.17,4.88,76,1276718,102.19,88.93,76.81
2023-01-22,Bengaluru Urban,Hemavathi,0.41,0.14,79.3,7.96,39,3328918,254.96,92.18,142.67
2023-01-23,Bengaluru Urban,Malaprabha,0.82,0.32,28.49,1.7,69,3852726,91.63,95.98,64.26
2023-01-24,Bengaluru Urban,Almatti,0.3,0.27,30.5,4.39,0,4784982,273.06,99.83,139.52
2023-01-25,Bengaluru Urban,Almatti,1.17,0.79,51.48,9.03,45,1911415,204.55,14.74,47.72
2023-01-26,Bengaluru Urban,Krishna Raja Sagara,0.05,0.03,74.2,2.91,72,3932155,137.06,25.33,130.64
2023-01-27,Bengaluru Urban,Linganamakki,0.29,0.18,72.27,4.62,16,3740031,73.84,66.08,179.66
2023-01-28,Bengaluru Urban,Almatti,1.33,0.19,35.66,6.21,96,362605,142.49,21.21,52.95
2023-01-29,Bengaluru Urban,Hemavathi,1.4,1.34,78.06,0.35,10,1343201,234.38,90.61,185.91
2023-01-30,Bengaluru Urban,Hemavathi,1.36,0.72,92.73,0.7,78,4229341,185.85,36.54,116.4
2023-01-31,Bengaluru Urban,Linganamakki,0.25,0.03,39.27,3.61,76,2409845,101.69,72.31,177.1
2023-01-01,Bengaluru Rural,Ghataprabha,0.65,0.24,7.67,9.01,66,4672888,167.86,28.84,180.8
2023-01-02,Bengaluru Rural,Hemavathi,0.43,0.2,91.55,0.39,27,105026,272.42,48.39,143.26
2023-01-03,Bengaluru Rural,Kabini,0.19,0.1,27.98,9.07,10,1501576,72.86,71.49,21.64
2023-01-04,Bengaluru Rural,Harangi,0.51,0.23,97.48,0.34,20,2171691,215.71,42.63,163.18
2023-01-05,Bengaluru Rural,Tungabhadra,1.18,1.05,29.48,0.38,31,1342785,132.17,53.99,85.89
2023-01-06,Bengaluru Rural,Linganamakki,0.91,0.57,83.36,3.82,78,4406659,169.47,17.72,57.07
2023-01-07,Bengaluru Rural,Malaprabha,0.04,0.01,91.09,4.81,85,2821556,152.63,17.15,153.7
2023-01-08,Bengaluru Rural,Harangi,1.32,0.51,35.21,2.75,33,4126713,164.05,57.82,122.33
2023-01-09,Bengaluru Rural,Malaprabha,0.76,0.66,77.52,0.81,78,3249402,89.21,51.79,92.12
2023-01-10,Bengaluru Rural,Harangi,0.56,0.03,30.83,1.06,33,2285598,137.6,60.32,155.66
2023-01-11,Bengaluru Rural,Malaprabha,1.29,0.17,75.25,0.04,83,3918032,276.39,45.74,180.46
2023-01-12,Bengaluru Rural,Krishna Raja Sagara,0.76,0.49,13.54,2.95,99,3956752,67.91,87.03,58.02
2023-01-13,Bengaluru Rural,Bhadra,1.24,0.04,37.55,8.94,12,3032830,250.71,77.51,57.31
2023-01-14,Bengaluru Rural,Kabini,0.46,0.09,33.97,7.77,76,3966122,213.86,52.05,32.39
2023-01-15,Bengaluru Rural,Narayanapura,0.29,0.11,14.34,6.61,88,3768676,121.99,72.41,28.2
2023-01-16,Bengaluru Rural,Krishna Raja Sagara,1.42,1.41,62.6,7.59,26,1481086,74.31,22.18,99.74
2023-01-17,Bengaluru Rural,Kabini,0.82,0.51,13.09,8.33,54,1830808,176.5,66.47,20.34
2023-01-18,Bengaluru Rural,Krishna Raja Sagara,1.37,1.08,15.58,2.44,17,121948,239.02,38.04,37.37
2023-01-19,Bengaluru Rural,Kabini,1.32,0.21,10.77,7.03,17,4233182,230.76,12.15,92.25
2023-01-20,Bengaluru Rural,Malaprabha,0.35,0.01,25.61,4.02,23,1933795,159.04,92.98,152.62
2023-01-21,Bengaluru Rural,Krishna Raja Sagara,0.76,0.01,89.28,9.42,10,2764220,219.84,12.71,64.06
2023-01-22,Bengaluru Rural,Malaprabha,0.8,0.78,81.82,7.14,9,4483518,82.98,93.99,144.18
2023-01-23,Bengaluru Rural,Tungabhadra,0.37,0.25,41.7,0.45,51,2941766,161.22,93.31,53.58
2023-01-24,Bengaluru Rural,Malaprabha,0.92,0.18,53.98,9.75,7,188221,111.77,40.34,176.99
2023-01-25,Bengaluru Rural,Bhadra,0.42,0.3,14.29,1.25,23,2440223,90.37,43.04,85.66
2023-01-26,Bengaluru Rural,Almatti,0.83,0.46,9.21,8.56,23,1192542,125.89,92.8,101.16
2023-01-27,Bengaluru Rural,Kabini,1.25,0.78,10.35,6.72,29,3066068,63.71,89.17,184.93
2023-01-28,Bengaluru Rural,Almatti,1.1,0.6,92.02,6.07,47,2046181,177.33,32.37,92.87
2023-01-29,Bengaluru Rural,Kabini,1.23,0.3,50.72,6.44,45,3707834,92.48,13.58,70.73
2023-01-30,Bengaluru Rural,Malaprabha,1.41,0.05,43.9,8.68,43,3524329,287.07,13.89,154.58
2023-01-31,Bengaluru Rural,Almatti,0.86,0.63,74.54,0.78,34,4056924,204.15,84.32,134.77
2023-01-01,Mysuru,Almatti,1.06,0.14,0.5,5.02,98,4486021,212.66,46.06,29.0
2023-01-02,Mysuru,Bhadra,0.05,0.02,91.91,9.56,48,4102190,226.49,21.75,177.53
2023-01-03,Mysuru,Kabini,1.4,1.14,0.71,8.59,100,3593607,131.45,13.81,186.46
2023-01-04,Mysuru,Bhadra,1.45,0.93,70.09,6.39,24,1597810,105.33,95.5,113.66
2023-01-05,Mysuru,Hemavathi,0.91,0.16,51.09,7.95,10,4877902,159.38,33.4,115.31
2023-01-06,Mysuru,Hemavathi,0.16,0.11,54.36,9.87,7,1113087,296.22,15.21,75.12
2023-01-07,Mysuru,Linganamakki,0.01,0.01,98.94,3.09,84,4976937,92.0,47.52,58.06
2023-01-08,Mysuru,Krishna Raja Sagara,0.11,0.03,54.84,1.66,59,4152071,163.64,84.78,146.63
2023-01-09,Mysuru,Krishna Raja Sagara,1.14,0.03,38.72,9.26,22,3563153,59.48,37.16,152.29
2023-01-10,Mysuru,Almatti,0.14,0.02,96.48,6.65,97,1680368,196.72,25.36,70.55
2023-01-11,Mysuru,Ghataprabha,1.35,0.32,64.92,3.31,14,1064239,184.8,28.68,88.69
2023-01-12,Mysuru,Kabini,0.15,0.06,98.13,9.98,55,4542261,52.04,20.31,43.68
2023-01-13,Mysuru,Almatti,0.73,0.71,45.13,5.12,29,2254691,55.7,64.12,29.42
2023-01-14,Mysuru,Krishna Raja Sagara,1.13,1.04,25.95,9.38,83,4089255,125.83,93.4,61.73
2023-01-15,Mysuru,Hemavathi,0.12,0.11,8.94,9.09,42,4270619,176.91,27.08,107.53
2023-01-16,Mysuru,Narayanapura,1.03,0.44,99.32,4.07,47,3674549,220.59,68.81,57.22
2023-01-17,Mysuru,Krishna Raja Sagara,0.55,0.1,36.18,5.28,53,1942876,241.2,73.48,53.44
2023-01-18,Mysuru,Harangi,0.12,0.0,7.72,5.45,7,3833519,164.42,82.93,132.63
2023-01-19,Mysuru,Narayanapura,1.37,1.22,62.25,5.41,84,2612936,100.65,17.63,62.66
2023-01-20,Mysuru,Malaprabha,0.97,0.31,52.88,6.37,76,4221376,181.78,38.15,138.79
2023-01-21,Mysuru,Bhadra,0.76,0.34,89.75,5.03,67,2334253,186.45,47.39,73.83
2023-01-22,Mysuru,Bhadra,0.59,0.16,57.3,3.39,79,4075863,276.75,13.97,41.57
2023-01-23,Mysuru,Bhadra,0.19,0.17,38.51,1.2,64,147501,172.33,27.04,103.94
2023-01-24,Mysuru,Linganamakki,0.78,0.32,19.5,9.24,91,4147684,191.79,60.54,147.06
2023-01-25,Mysuru,Hemavathi,1.4,0.4,4.41,9.22,64,1196744,99.63,68.42,117.89
2023-01-26,Mysuru,Hemavathi,0.24,0.11,90.45,6.15,54,1429165,57.05,94.48,58.81
2023-01-27,Mysuru,Krishna Raja Sagara,0.37,0.04,38.76,3.66,58,2616157,128.31,84.67,131.14
2023-01-28,Mysuru,Bhadra,0.47,0.28,65.51,7.24,6,1211971,234.56,98.55,139.26
2023-01-29,Mysuru,Almatti,1.46,0.89,47.41,7.54,54,3393593,216.07,40.49,152.16
2023-01-30,Mysuru,Krishna Raja Sagara,0.2,0.01,75.84,8.87,35,3902774,70.06,46.16,150.5
2023-01-31,Mysuru,Hemavathi,1.45,0.31,63.67,3.14,76,241259,98.34,23.44,85.68
2023-01-01,Mandya,Kabini,1.26,0.74,35.46,8.99,3,4106564,155.13,48.1,176.32
2023-01-02,Mandya,Bhadra,1.24,0.03,31.58,3.69,99,3196995,172.88,53.11,69.47
2023-01-03,Mandya,Bhadra,0.9,0.15,81.24,6.58,27,2153674,122.81,18.72,165.45
2023-01-04,Mandya,Linganamakki,0.66,0.19,15.38,9.19,21,681504,279.4,53.43,50.78
2023-01-05,Mandya,Hemavathi,1.09,0.49,82.29,7.92,99,1258485,291.72,92.22,40.22
2023-01-06,Mandya,Malaprabha,0.16,0.13,9.74,0.99,99,4719695,132.42,79.57,114.36
2023-01-07,Mandya,Almatti,1.23,0.85,8.46,3.84,95,4223915,183.51,94.46,27.62
2023-01-08,Mandya,Ghataprabha,0.39,0.25,4.29,9.04,16,1953282,187.46,78.63,95.29
2023-01-09,Mandya,Hemavathi,1.15,0.93,74.96,7.81,19,459239,57.39,41.81,33.87
2023-01-10,Mandya,Harangi,1.0,0.57,3.61,1.95,93,909668,57.01,94.3,98.5
2023-01-11,Mandya,Narayanapura,1.24,0.78,87.8,3.49,95,3317119,223.42,21.43,149.04
2023-01-12,Mandya,Kabini,0.17,0.11,99.78,2.12,95,2418051,269.73,77.93,72.3
2023-01-13,Mandya,Malaprabha,0.91,0.6,78.99,3.12,64,4657707,103.59,85.88,198.59
2023-01-14,Mandya,Malaprabha,0.81,0.6,15.12,2.42,6,3148739,172.76,89.37,61.31
2023-01-15,Mandya,Narayanapura,0.27,0.17,3.85,9.87,16,1771926,128.81,37.0,65.5
2023-01-16,Mandya,Almatti,1.45,0.96,26.8,2.63,3,829174,135.84,62.16,111.55
2023-01-17,Mandya,Almatti,0.5,0.12,27.59,9.15,32,843808,195.06,85.65,50.65
2023-01-18,Mandya,Tungabhadra,1.17,0.48,3.35,6.66,73,4448841,255.95,15.85,84.83
2023-01-19,Mandya,Tungabhadra,1.31,0.15,87.35,8.49,81,3685682,93.97,56.04,159.92
2023-01-20,Mandya,Krishna Raja Sagara,1.3,0.65,56.85,5.42,25,1687231,259.75,94.57,173.19
2023-01-21,Mandya,Ghataprabha,0.31,0.21,54.37,8.41,24,4730928,293.43,72.99,106.42
2023-01-22,Mandya,Almatti,0.24,0.21,49.39,3.96,24,4893159,107.17,51.7,95.85
2023-01-23,Mandya,Narayanapura,0.31,0.29,17.26,8.38,65,4391753,51.57,39.44,80.33
2023-01-24,Mandya,Hemavathi,1.0,0.26,23.62,5.94,98,4364987,251.87,14.59,61.38
2023-01-25,Mandya,Ghataprabha,1.38,1.19,28.07,6.05,86,4144700,111.6,25.51,55.69
2023-01-26,Mandya,Ghataprabha,0.78,0.45,33.17,5.5,85,860955,103.82,23.6,84.23
2023-01-27,Mandya,Ghataprabha,1.36,1.0,33.21,6.62,73,2151057,205.34,55.85,56.64
2023-01-28,Mandya,Malaprabha,0.45,0.3,32.09,4.08,25,1179320,156.15,98.95,128.36
2023-01-29,Mandya,Hemavathi,1.39,1.03,9.35,1.25,81,1316369,230.51,17.98,195.58
2023-01-30,Mandya,Bhadra,1.4,0.66,95.69,3.82,62,4948173,98.7,10.46,60.62
2023-01-31,Mandya,Almatti,0.33,0.3,94.61,6.87,99,4719964,252.92,28.89,171.24
2023-01-01,Hassan,Malaprabha,1.29,0.37,58.7,9.46,3,3124048,229.46,24.6,119.45
2023-01-02,Hassan,Malaprabha,1.48,0.09,26.29,4.28,56,4781945,124.92,96.65,71.08
2023-01-03,Hassan,Harangi,0.77,0.29,62.2,1.47,94,152562,252.4,58.17,65.84
2023-01-04,Hassan,Hemavathi,0.22,0.17,60.65,8.29,28,3009590,141.76,67.63,195.15
2023-01-05,Hassan,Kabini,1.39,1.35,90.95,8.91,59,265437,76.49,77.36,98.1
2023-01-06,Hassan,Bhadra,0.23,0.05,66.09,8.3,23,1318105,217.59,18.24,142.28
2023-01-07,Hassan,Narayanapura,1.41,0.94,30.78,5.81,44,1316929,152.59,34.94,76.06
2023-01-08,Hassan,Harangi,0.7,0.44,39.94,6.33,10,3654993,214.1,28.87,74.41
2023-01-09,Hassan,Bhadra,1.28,1.13,29.41,0.42,36,3875962,239.87,93.17,170.0
2023-01-10,Hassan,Hemavathi,0.16,0.14,11.56,0.38,34,3067507,227.43,39.2,73.35
2023-01-11,Hassan,Linganamakki,0.2,0.07,16.91,0.79,43,2096500,249.73,54.02,192.17
2023-01-12,Hassan,Almatti,0.98,0.15,84.6,7.1,18,4035928,135.09,33.0,49.13
2023-01-13,Hassan,Narayanapura,0.81,0.15,69.5,9.4,77,4431226,260.97,83.49,190.81
2023-01-14,Hassan,Harangi,0.28,0.24,56.49,9.39,49,3635334,151.6,70.65,195.49
2023-01-15,Hassan,Almatti,0.84,0.58,58.71,8.25,96,4005629,91.97,31.25,108.17
2023-01-16,Hassan,Harangi,0.55,0.29,97.68,8.16,74,3074992,168.42,35.27,100.22
2023-01-17,Hassan,Narayanapura,1.3,0.9,60.1,7.48,45,3687217,279.41,34.09,39.13
2023-01-18,Hassan,Kabini,1.3,0.55,98.24,8.29,34,1341851,165.81,58.59,172.24
2023-01-19,Hassan,Kabini,0.17,0.15,96.08,5.83,36,213871,293.07,20.26,139.84
2023-01-20,Hassan,Almatti,0.54,0.05,56.53,0.64,82,2939661,282.72,38.51,107.14
2023-01-21,Hassan,Narayanapura,0.74,0.63,4.53,7.81,34,2966218,197.99,34.48,197.47
2023-01-22,Hassan,Krishna Raja Sagara,1.09,1.08,87.96,7.16,65,2976909,156.84,77.18,143.92
2023-01-23,Hassan,Krishna Raja Sagara,0.27,0.04,14.75,5.65,12,2918238,71.18,21.49,121.85
2023-01-24,Hassan,Malaprabha,1.06,0.16,84.74,1.99,92,629463,93.41,60.82,131.19
2023-01-25,Hassan,Hemavathi,0.14,0.01,66.58,5.25,77,2252684,173.24,83.93,169.13
2023-01-26,Hassan,Narayanapura,0.7,0.03,76.63,6.97,16,3105439,215.41,91.46,42.73
2023-01-27,Hassan,Krishna Raja Sagara,0.11,0.07,20.31,4.8,99,4637772,238.53,23.51,127.83
2023-01-28,Hassan,Ghataprabha,0.19,0.16,47.1,1.04,87,3619278,204.27,30.71,97.72
2023-01-29,Hassan,Krishna Raja Sagara,0.54,0.25,27.61,8.1,49,1158164,83.31,47.46,163.05
2023-01-30,Hassan,Malaprabha,0.83,0.01,84.61,4.82,76,1933215,142.42,59.65,161.14
2023-01-31,Hassan,Ghataprabha,0.18,0.15,40.2,5.58,46,3411293,259.73,92.42,67.27
2023-01-01,Tumakuru,Krishna Raja Sagara,1.34,1.23,41.98,0.72,1,731386,110.47,31.59,109.62
2023-01-02,Tumakuru,Krishna Raja Sagara,1.48,0.61,63.44,3.54,52,3550962,86.12,82.46,86.85
2023-01-03,Tumakuru,Malaprabha,0.62,0.43,85.93,7.49,1,4727999,221.11,85.79,76.48
2023-01-04,Tumakuru,Almatti,0.82,0.5,99.09,8.17,47,3863853,245.14,45.32,104.33
2023-01-05,Tumakuru,Krishna Raja Sagara,0.68,0.02,55.71,9.17,53,4586986,96.03,27.22,168.79
2023-01-06,Tumakuru,Krishna Raja Sagara,0.23,0.12,39.76,5.17,53,3578921,194.16,74.57,161.59
2023-01-07,Tumakuru,Ghataprabha,1.08,0.1,74.89,4.42,44,1874473,142.49,74.09,48.37
2023-01-08,Tumakuru,Krishna Raja Sagara,1.3,0.54,42.63,0.21,43,4529724,66.93,26.07,47.52
2023-01-09,Tumakuru,Krishna Raja Sagara,0.67,0.33,80.61,4.48,10,2090498,215.54,42.19,165.15
2023-01-10,Tumakuru,Almatti,0.51,0.22,65.08,9.16,30,4754841,160.24,97.9,72.66
2023-01-11,Tumakuru,Hemavathi,0.98,0.34,67.22,5.76,49,858019,196.99,22.22,121.17
2023-01-12,Tumakuru,Linganamakki,0.27,0.27,43.42,3.29,92,1713321,51.16,82.95,61.42
2023-01-13,Tumakuru,Linganamakki,1.25,0.22,30.29,9.57,59,798000,243.64,24.48,30.88
2023-01-14,Tumakuru,Kabini,0.34,0.15,74.34,4.88,10,1847947,70.31,24.3,58.69
2023-01-15,Tumakuru,Kabini,0.39,0.2,67.47,4.66,7,1820948,257.93,53.35,189.31
2023-01-16,Tumakuru,Ghataprabha,1.22,0.15,6.21,3.91,39,4454883,202.95,67.01,135.26
2023-01-17,Tumakuru,Krishna Raja Sagara,0.89,0.59,61.63,5.24,51,3067778,75.04,69.57,52.45
2023-01-18,Tumakuru,Tungabhadra,0.97,0.22,81.38,9.56,50,3228316,168.64,30.9,167.78
2023-01-19,Tumakuru,Almatti,0.86,0.45,45.05,1.06,81,359938,132.06,20.03,152.15
2023-01-20,Tumakuru,Tungabhadra,1.12,0.38,23.27,3.58,50,4027832,238.74,87.81,130.18
2023-01-21,Tumakuru,Hemavathi,0.6,0.08,87.61,9.27,67,4803930,91.89,73.0,137.36
2023-01-22,Tumakuru,Malaprabha,0.1,0.09,54.09,5.97,74,3152260,245.92,50.84,72.01
2023-01-23,Tumakuru,Narayanapura,1.13,0.17,48.09,2.05,59,2965474,77.73,32.85,134.56
2023-01-24,Tumakuru,Linganamakki,0.92,0.37,24.01,2.86,84,377558,213.57,99.12,166.4
2023-01-25,Tumakuru,Tungabhadra,1.17,0.76,49.64,2.03,88,497825,148.39,23.04,139.83
2023-01-26,Tumakuru,Malaprabha,0.76,0.29,5.62,5.54,3,4544796,207.18,24.84,156.96
2023-01-27,Tumakuru,Bhadra,0.72,0.37,92.41,7.94,65,415945,276.57,54.99,184.38
2023-01-28,Tumakuru,Bhadra,1.32,0.5,67.15,2.78,46,866732,127.51,20.19,154.21
2023-01-29,Tumakuru,Tungabhadra,0.73,0.26,12.55,7.25,20,648323,197.42,60.64,163.45
2023-01-30,Tumakuru,Krishna Raja Sagara,0.89,0.48,83.81,3.59,43,2298421,276.34,36.94,143.09
2023-01-31,Tumakuru,Harangi,0.62,0.27,86.81,9.28,30,4457112,208.04,51.96,86.64
2023-01-01,Chikkamagaluru,Ghataprabha,0.01,0.01,81.31,8.95,67,2493244,238.63,93.91,108.23
2023-01-02,Chikkamagaluru,Almatti,0.18,0.0,58.76,7.17,94,2574698,290.12,50.45,172.33
2023-01-03,Chikkamagaluru,Almatti,1.36,1.05,82.8,1.92,23,1464292,90.44,35.85,170.97
2023-01-04,Chikkamagaluru,Bhadra,0.71,0.16,38.7,2.57,2,2793813,136.69,50.98,158.71
2023-01-05,Chikkamagaluru,Malaprabha,0.92,0.28,31.97,5.1,73,3734877,122.25,16.36,117.45
2023-01-06,Chikkamagaluru,Ghataprabha,1.38,0.08,77.87,5.49,24,3695781,120.4,12.22,131.0
2023-01-07,Chikkamagaluru,Almatti,0.14,0.05,70.4,1.7,98,716223,245.58,22.67,133.62
2023-01-08,Chikkamagaluru,Almatti,0.73,0.3,28.83,1.31,40,767829,73.39,22.53,35.95
2023-01-09,Chikkamagaluru,Harangi,0.27,0.01,61.82,5.29,44,4102193,213.7,11.54,27.56
2023-01-10,Chikkamagaluru,Almatti,0.28,0.02,68.57,8.15,89,4502683,299.4,28.32,106.11
2023-01-11,Chikkamagaluru,Malaprabha,1.46,0.47,27.09,0.05,67,2653494,234.69,21.88,133.04
2023-01-12,Chikkamagaluru,Linganamakki,0.75,0.57,48.21,8.81,49,3137470,297.08,49.27,107.77
2023-01-13,Chikkamagaluru,Krishna Raja Sagara,0.48,0.28,98.42,4.23,28,4774834,176.7,92.9,44.52
2023-01-14,Chikkamagaluru,Krishna Raja Sagara,0.64,0.26,25.2,8.57,8,1837334,152.7,81.08,53.46
2023-01-15,Chikkamagaluru,Bhadra,0.38,0.19,44.57,5.62,28,4524359,247.25,36.41,30.93
2023-01-16,Chikkamagaluru,Malaprabha,1.39,0.56,87.09,5.87,96,4819293,54.04,54.8,158.06
2023-01-17,Chikkamagaluru,Tungabhadra,1.3,0.92,84.25,5.7,53,1720183,225.88,42.84,22.57
2023-01-18,Chikkamagaluru,Bhadra,1.14,0.79,55.21,1.87,36,869661,218.68,67.65,165.79
2023-01-19,Chikkamagaluru,Harangi,1.48,1.02,24.94,1.49,3,2512410,148.53,93.01,166.97
2023-01-20,Chikkamagaluru,Harangi,0.65,0.53,29.92,1.51,43,4094202,292.8,46.49,49.48
2023-01-21,Chikkamagaluru,Narayanapura,0.85,0.41,96.44,1.64,60,2056680,106.0,36.45,78.88
2023-01-22,Chikkamagaluru,Narayanapura,1.27,0.53,7.82,8.45,5,4805038,124.7,36.02,103.15
2023-01-23,Chikkamagaluru,Bhadra,1.41,0.31,5.79,1.73,46,3590053,244.51,54.97,163.15
2023-01-24,Chikkamagaluru,Bhadra,1.43,0.35,59.57,8.45,2,4084166,180.97,47.82,183.49
2023-01-25,Chikkamagaluru,Hemavathi,1.48,0.72,6.7,8.6,60,4723885,80.04,73.84,153.3
2023-01-26,Chikkamagaluru,Kabini,0.26,0.25,86.51,1.14,70,1035275,190.4,54.23,86.0
2023-01-27,Chikkamagaluru,Bhadra,0.83,0.56,52.14,4.56,41,3723462,179.48,15.64,54.74
2023-01-28,Chikkamagaluru,Narayanapura,0.56,0.01,93.69,7.86,35,3570361,102.09,98.99,157.85
2023-01-29,Chikkamagaluru,Harangi,1.08,0.04,65.5,7.05,60,2381517,283.47,76.91,86.43
2023-01-30,Chikkamagaluru,Ghataprabha,1.42,0.09,23.17,6.61,35,4913006,60.1,85.2,151.36
2023-01-31,Chikkamagaluru,Almatti,1.09,0.99,31.55,2.84,79,2158789,273.3,30.67,123.95
2023-01-01,Shivamogga,Ghataprabha,0.47,0.2,36.26,9.59,62,296012,218.03,42.47,138.72
2023-01-02,Shivamogga,Linganamakki,0.05,0.03,75.16,1.64,89,2316675,270.08,68.92,166.46
2023-01-03,Shivamogga,Malaprabha,1.46,0.24,14.64,2.04,88,3168291,179.91,74.65,73.59
2023-01-04,Shivamogga,Krishna Raja Sagara,0.88,0.3,69.59,4.18,82,753362,114.36,75.53,87.82
2023-01-05,Shivamogga,Kabini,1.04,0.45,27.78,1.05,41,3103329,212.05,72.15,89.01
2023-01-06,Shivamogga,Kabini,1.47,1.37,34.14,7.64,56,4759716,135.19,82.36,126.93
2023-01-07,Shivamogga,Linganamakki,0.17,0.05,17.84,4.62,39,900500,54.93,18.92,67.67
2023-01-08,Shivamogga,Harangi,0.8,0.74,18.23,9.21,78,4643935,143.7,16.91,153.18
2023-01-09,Shivamogga,Harangi,1.38,0.68,93.28,8.86,7,779641,143.35,73.6,156.57
2023-01-10,Shivamogga,Linganamakki,0.44,0.17,81.86,3.2,32,4372960,175.43,73.33,70.96
2023-01-11,Shivamogga,Malaprabha,0.61,0.6,23.49,1.1,91,2790914,236.95,45.34,127.54
2023-01-12,Shivamogga,Hemavathi,1.49,0.38,40.44,1.47,63,1451249,103.58,30.66,89.22
2023-01-13,Shivamogga,Ghataprabha,1.26,0.26,27.31,4.12,14,3203714,196.22,47.66,37.07
2023-01-14,Shivamogga,Narayanapura,1.09,0.09,67.58,3.71,94,4182061,189.44,21.29,158.69
2023-01-15,Shivamogga,Krishna Raja Sagara,0.7,0.45,74.81,5.25,49,2654934,224.44,71.93,59.75
2023-01-16,Shivamogga,Tungabhadra,0.46,0.14,64.67,5.53,96,1963400,262.29,70.22,32.64
2023-01-17,Shivamogga,Krishna Raja Sagara,1.06,0.9,6.56,9.48,100,1139456,266.13,26.63,57.58
2023-01-18,Shivamogga,Hemavathi,1.35,0.17,69.11,6.78,28,1170254,187.76,82.67,100.07
2023-01-19,Shivamogga,Ghataprabha,1.15,0.45,35.46,0.17,100,1316229,62.94,13.77,88.06
2023-01-20,Shivamogga,Krishna Raja Sagara,0.02,0.0,24.91,8.19,60,4308393,257.15,69.65,107.6
2023-01-21,Shivamogga,Hemavathi,0.73,0.47,46.65,2.86,46,3094953,128.25,19.44,147.06
2023-01-22,Shivamogga,Narayanapura,0.6,0.26,43.41,4.31,97,3979939,85.88,62.88,25.73
2023-01-23,Shivamogga,Kabini,0.29,0.11,96.22,9.8,95,1522510,147.95,37.9,183.11
2023-01-24,Shivamogga,Bhadra,1.33,1.18,21.34,0.9,51,399429,290.0,22.14,87.54
2023-01-25,Shivamogga,Bhadra,0.84,0.29,12.19,3.04,37,2775532,275.05,84.11,156.66
2023-01-26,Shivamogga,Harangi,0.71,0.48,65.33,8.14,23,2622822,84.78,51.39,173.5
2023-01-27,Shivamogga,Hemavathi,1.08,0.46,46.51,6.75,4,4109170,199.54,35.44,106.65
2023-01-28,Shivamogga,Kabini,0.5,0.34,95.44,2.28,60,4765356,191.79,20.22,175.31
2023-01-29,Shivamogga,Bhadra,1.29,0.33,42.22,2.74,55,2221707,112.19,80.06,96.99
2023-01-30,Shivamogga,Ghataprabha,0.18,0.03,25.45,1.98,33,2979776,131.41,94.86,113.59
2023-01-31,Shivamogga,Linganamakki,0.06,0.03,66.56,5.88,2,889966,80.62,46.96,47.36
2023-01-01,Davangere,Tungabhadra,0.55,0.34,4.05,3.86,31,3902564,233.5,66.94,120.24
2023-01-02,Davangere,Almatti,1.49,0.64,84.97,6.63,68,3555449,236.59,49.32,88.62
2023-01-03,Davangere,Kabini,1.2,0.44,51.56,6.15,78,727470,236.79,35.8,87.11
2023-01-04,Davangere,Tungabhadra,1.2,0.7,2.51,0.26,24,1643815,114.59,31.76,66.89
2023-01-05,Davangere,Ghataprabha,1.48,0.28,99.86,9.96,82,4399302,171.34,46.12,89.14
2023-01-06,Davangere,Malaprabha,1.28,0.59,91.27,5.86,11,3196001,64.49,77.79,23.06
2023-01-07,Davangere,Linganamakki,1.34,0.81,21.66,4.92,42,1370633,168.46,70.55,24.98
2023-01-08,Davangere,Harangi,1.47,0.99,66.12,4.31,50,817152,200.08,36.39,133.1
2023-01-09,Davangere,Harangi,1.4,0.27,47.26,9.58,42,1963417,252.53,93.52,25.42
2023-01-10,Davangere,Kabini,1.31,0.18,87.3,3.72,80,4644954,273.18,49.27,91.75
2023-01-11,Davangere,Ghataprabha,0.06,0.06,63.96,7.12,5,828834,125.53,17.26,74.25
2023-01-12,Davangere,Malaprabha,0.06,0.04,86.64,0.04,41,719117,65.86,19.46,95.02
2023-01-13,Davangere,Almatti,0.04,0.02,19.67,6.77,39,3552006,194.4,33.23,65.06
2023-01-14,Davangere,Ghataprabha,0.03,0.0,18.53,6.5,91,1694287,250.87,52.27,117.07
2023-01-15,Davangere,Ghataprabha,1.39,0.65,93.33,0.14,57,3886754,79.59,96.96,122.31
2023-01-16,Davangere,Krishna Raja Sagara,0.49,0.32,67.62,9.96,15,4490449,179.28,63.01,134.61
2023-01-17,Davangere,Linganamakki,0.39,0.1,12.09,3.24,90,1586015,246.59,79.81,150.84
2023-01-18,Davangere,Bhadra,0.25,0.06,8.27,8.73,24,1642198,90.01,36.72,149.33
2023-01-19,Davangere,Ghataprabha,0.09,0.03,52.07,5.39,94,3875079,263.84,65.99,129.08
2023-01-20,Davangere,Hemavathi,0.59,0.14,84.81,8.85,95,2899509,161.87,32.46,111.3
2023-01-21,Davangere,Bhadra,1.06,0.24,6.65,2.57,84,1480608,295.03,68.58,21.57
2023-01-22,Davangere,Ghataprabha,1.38,0.71,87.41,4.86,56,116060,203.88,12.55,32.89
2023-01-23,Davangere,Linganamakki,0.69,0.47,2.59,4.48,89,1813082,93.78,29.56,63.3
2023-01-24,Davangere,Narayanapura,0.93,0.38,98.91,4.35,81,4435412,184.58,21.5,47.06
2023-01-25,Davangere,Almatti,0.43,0.13,79.19,4.05,98,3423553,292.62,95.93,189.64
2023-01-26,Davangere,Hemavathi,0.14,0.09,25.83,7.28,85,205608,94.17,62.11,166.26
2023-01-27,Davangere,Tungabhadra,1.11,0.2,53.03,2.72,34,3522193,264.0,80.1,80.03
2023-01-28,Davangere,Harangi,0.09,0.0,4.08,7.2,55,1518799,292.12,34.71,125.93
2023-01-29,Davangere,Krishna Raja Sagara,0.37,0.31,25.08,9.17,72,3212372,124.85,25.16,123.12
2023-01-30,Davangere,Malaprabha,0.68,0.09,92.23,5.15,71,4539919,84.39,30.04,152.31
2023-01-31,Davangere,Hemavathi,0.44,0.24,31.65,0.49,32,1352823,125.47,43.65,68.94
2023-01-01,Ballari,Narayanapura,0.54,0.2,54.71,1.67,83,1381398,85.25,26.12,43.33
2023-01-02,Ballari,Almatti,0.07,0.07,68.22,5.4,71,2087794,207.0,29.7,69.9
2023-01-03,Ballari,Almatti,0.78,0.09,5.76,1.06,96,3286411,265.11,11.62,101.28
2023-01-04,Ballari,Narayanapura,1.01,0.17,56.35,3.24,97,3284462,114.1,10.15,27.63
2023-01-05,Ballari,Bhadra,0.47,0.2,66.48,0.92,59,1499660,174.91,30.63,136.95
2023-01-06,Ballari,Linganamakki,0.13,0.12,95.85,7.16,54,4088258,93.65,79.72,174.47
2023-01-07,Ballari,Kabini,1.37,0.76,94.97,7.27,12,3130192,65.71,79.36,94.88
2023-01-08,Ballari,Almatti,0.98,0.03,2.01,1.12,55,595405,65.74,14.88,122.19
2023-01-09,Ballari,Kabini,0.12,0.06,68.2,5.22,49,2143684,246.81,68.43,109.06
2023-01-10,Ballari,Malaprabha,1.11,1.03,55.42,4.39,25,1423568,269.53,57.84,45.27
2023-01-11,Ballari,Hemavathi,0.92,0.14,17.53,7.61,80,739640,62.13,26.4,58.1
2023-01-12,Ballari,Linganamakki,0.64,0.44,55.38,3.27,49,305935,52.14,69.2,41.03
2023-01-13,Ballari,Linganamakki,0.53,0.34,15.69,5.42,13,2996737,277.34,67.26,133.95
2023-01-14,Ballari,Tungabhadra,0.84,0.44,62.27,8.68,47,592417,237.27,92.83,129.89
2023-01-15,Ballari,Bhadra,0.33,0.1,98.0,2.33,40,2444688,95.3,97.2,149.29
2023-01-16,Ballari,Tungabhadra,1.15,0.57,80.57,6.92,36,3571689,102.89,62.0,108.03
2023-01-17,Ballari,Linganamakki,0.51,0.25,36.05,7.21,84,3932194,56.62,52.19,73.98
2023-01-18,Ballari,Linganamakki,1.35,1.23,41.55,0.85,4,2541859,181.82,21.73,196.42
2023-01-19,Ballari,Hemavathi,1.4,1.19,59.15,0.73,2,877709,252.5,85.38,99.41
2023-01-20,Ballari,Hemavathi,0.89,0.48,27.69,3.04,53,2739959,124.77,80.95,116.35
2023-01-21,Ballari,Almatti,1.5,0.02,18.43,1.35,26,1000620,238.91,79.83,96.04
2023-01-22,Ballari,Malaprabha,1.32,0.27,54.44,9.51,71,479950,62.8,65.37,197.14
2023-01-23,Ballari,Bhadra,0.63,0.02,78.18,9.69,70,2122615,280.79,31.0,158.19
2023-01-24,Ballari,Hemavathi,0.45,0.05,17.55,9.44,16,3755167,150.59,78.38,173.91
2023-01-25,Ballari,Krishna Raja Sagara,1.06,0.34,23.83,0.07,62,927853,156.09,68.59,48.75
2023-01-26,Ballari,Linganamakki,0.85,0.66,21.74,8.35,35,1980668,204.46,69.61,67.05
2023-01-27,Ballari,Linganamakki,0.33,0.0,76.38,0.6,52,4204908,149.14,46.01,147.17
2023-01-28,Ballari,Malaprabha,1.29,1.18,21.62,9.97,77,342218,187.57,84.88,184.33
2023-01-29,Ballari,Almatti,0.8,0.77,40.67,6.24,49,4414022,85.95,89.67,127.63
2023-01-30,Ballari,Malaprabha,1.03,0.06,67.57,4.7,79,2969093,287.86,92.2,157.99
2023-01-31,Ballari,Almatti,0.86,0.7,6.58,3.69,46,1486122,212.14,99.85,173.38
2023-01-01,Belagavi,Almatti,0.96,0.47,80.5,5.45,93,4928993,154.35,99.95,43.08
2023-01-02,Belagavi,Krishna Raja Sagara,0.01,0.0,4.47,8.0,78,3254059,235.82,90.78,177.54
2023-01-03,Belagavi,Krishna Raja Sagara,1.12,0.13,51.36,4.19,42,3861067,297.14,91.85,162.83
2023-01-04,Belagavi,Tungabhadra,0.93,0.7,37.78,7.46,47,923135,138.19,30.32,68.28
2023-01-05,Belagavi,Almatti,1.27,1.11,19.6,7.43,3,256316,67.61,93.67,163.74
2023-01-06,Belagavi,Harangi,0.2,0.06,89.83,4.41,7,477852,67.15,25.31,122.67
2023-01-07,Belagavi,Linganamakki,0.88,0.22,0.52,8.01,74,2400128,102.72,26.98,113.21
2023-01-08,Belagavi,Linganamakki,0.05,0.0,61.14,3.84,33,3598710,58.38,61.11,67.58
2023-01-09,Belagavi,Malaprabha,0.34,0.25,87.63,7.58,2,107173,124.81,80.23,187.8
2023-01-10,Belagavi,Harangi,0.79,0.52,17.68,2.27,77,4195480,212.89,44.88,156.51
2023-01-11,Belagavi,Ghataprabha,1.14,1.08,42.72,4.72,28,2479233,191.62,62.56,151.65
2023-01-12,Belagavi,Tungabhadra,1.02,1.01,26.4,8.9,28,4726037,258.66,85.77,40.99
2023-01-13,Belagavi,Hemavathi,0.94,0.27,8.87,5.23,64,1802356,263.5,65.09,36.1
2023-01-14,Belagavi,Krishna Raja Sagara,1.11,0.73,82.3,8.25,30,2355786,152.23,12.64,82.03
2023-01-15,Belagavi,Kabini,0.85,0.68,94.42,9.53,82,3594245,265.9,18.97,27.9
2023-01-16,Belagavi,Kabini,0.91,0.03,64.5,8.04,53,1132185,121.78,15.29,175.7
2023-01-17,Belagavi,Narayanapura,0.35,0.24,57.92,9.32,78,490550,146.71,30.3,142.03
2023-01-18,Belagavi,Hemavathi,0.99,0.74,68.86,6.15,13,1963240,231.12,93.62,38.91
2023-01-19,Belagavi,Hemavathi,0.0,0.0,51.56,5.68,47,1765816,164.85,36.86,164.7
2023-01-20,Belagavi,Harangi,0.04,0.01,19.03,2.88,30,3806720,152.68,60.06,115.85
2023-01-21,Belagavi,Hemavathi,1.4,0.02,57.27,3.87,11,4343187,65.83,16.88,158.9
2023-01-22,Belagavi,Tungabhadra,1.37,0.17,32.39,2.46,8,4518521,273.59,52.32,102.22
2023-01-23,Belagavi,Hemavathi,0.61,0.11,49.0,6.69,90,2362955,226.81,91.64,112.86
2023-01-24,Belagavi,Ghataprabha,1.38,0.36,99.14,7.51,63,2651569,78.79,52.97,161.11
2023-01-25,Belagavi,Bhadra,0.11,0.01,29.52,3.2,35,2289385,79.99,54.33,39.14
2023-01-26,Belagavi,Linganamakki,0.72,0.44,27.22,8.19,73,4098923,212.62,76.21,199.23
2023-01-27,Belagavi,Ghataprabha,0.84,0.74,24.46,6.34,14,4862135,211.2,74.57,26.69
2023-01-28,Belagavi,Krishna Raja Sagara,0.47,0.09,8.92,9.29,60,1587234,164.33,63.28,194.32
2023-01-29,Belagavi,Harangi,0.99,0.97,33.43,2.87,70,1620487,99.78,36.16,62.49
2023-01-30,Belagavi,Ghataprabha,0.71,0.45,49.11,4.56,23,4978541,69.8,91.7,165.42
2023-01-31,Belagavi,Bhadra,0.89,0.18,32.36,7.36,76,2470995,296.42,26.79,92.45
2023-01-01,Dharwad,Krishna Raja Sagara,0.4,0.21,8.98,7.6,38,657606,70.94,13.0,64.93
2023-01-02,Dharwad,Ghataprabha,0.42,0.05,95.92,2.82,49,4202709,195.7,74.32,42.17
2023-01-03,Dharwad,Linganamakki,0.44,0.24,2.08,7.93,33,3757212,145.21,47.88,34.44
2023-01-04,Dharwad,Tungabhadra,0.84,0.8,70.59,2.31,35,2852490,109.98,40.48,57.19
2023-01-05,Dharwad,Malaprabha,0.95,0.32,7.41,6.06,78,4489642,182.91,47.71,173.81
2023-01-06,Dharwad,Kabini,0.21,0.02,99.86,4.81,26,4476442,93.24,21.57,98.15
2023-01-07,Dharwad,Kabini,0.44,0.05,62.98,5.56,19,3456549,119.76,54.27,99.98
2023-01-08,Dharwad,Bhadra,0.73,0.49,52.94,5.43,85,1719235,249.44,49.73,73.66
2023-01-09,Dharwad,Harangi,1.01,0.72,11.37,3.76,66,284824,149.8,83.42,165.08
2023-01-10,Dharwad,Kabini,0.81,0.36,88.47,6.0,46,1631977,115.02,24.97,129.0
2023-01-11,Dharwad,Krishna Raja Sagara,1.06,0.74,66.46,9.72,64,1858849,289.17,72.85,48.19
2023-01-12,Dharwad,Kabini,0.27,0.22,22.92,3.22,3,4184181,107.09,94.74,64.01
2023-01-13,Dharwad,Kabini,0.86,0.09,10.6,9.1,51,4834089,175.97,79.36,85.08
2023-01-14,Dharwad,Linganamakki,0.64,0.48,89.01,8.16,67,137342,51.37,84.94,135.97
2023-01-15,Dharwad,Kabini,0.72,0.29,99.42,8.52,83,2114152,117.46,92.57,161.08
2023-01-16,Dharwad,Almatti,0.02,0.01,40.78,4.43,12,3481318,280.2,29.77,141.09
2023-01-17,Dharwad,Ghataprabha,0.7,0.43,95.92,9.35,64,531260,153.89,76.03,181.13
2023-01-18,Dharwad,Harangi,1.36,1.35,82.71,6.27,33,3880760,218.07,70.4,197.79
2023-01-19,Dharwad,Harangi,0.14,0.11,91.31,5.0,18,3869802,58.63,22.38,65.51
2023-01-20,Dharwad,Krishna Raja Sagara,0.34,0.2,21.82,8.28,55,161304,149.02,64.08,137.15
2023-01-21,Dharwad,Narayanapura,0.82,0.33,45.93,9.84,41,582868,174.21,31.69,142.41
2023-01-22,Dharwad,Kabini,0.1,0.1,77.98,2.96,49,1808600,194.62,18.23,131.36
2023-01-23,Dharwad,Krishna Raja Sagara,0.06,0.04,37.64,6.28,100,4121639,160.48,70.88,154.53
2023-01-24,Dharwad,Hemavathi,0.35,0.2,79.77,4.33,74,2987678,123.33,40.43,50.94
2023-01-25,Dharwad,Narayanapura,0.2,0.06,54.79,5.99,68,4974897,141.09,21.31,165.68
2023-01-26,Dharwad,Kabini,1.26,1.21,46.13,7.57,22,2793486,100.47,46.46,93.63
2023-01-27,Dharwad,Almatti,0.18,0.02,16.96,7.39,22,2498705,167.09,23.88,127.09
2023-01-28,Dharwad,Malaprabha,1.3,0.39,29.57,1.65,66,677965,188.81,58.24,109.12
2023-01-29,Dharwad,Linganamakki,0.85,0.54,69.81,4.24,31,753052,235.43,87.61,64.97
2023-01-30,Dharwad,Malaprabha,0.05,0.0,75.52,5.6,32,131133,182.74,56.15,162.01
2023-01-31,Dharwad,Bhadra,0.41,0.27,23.27,0.7,2,1097000,94.92,73.15,64.38
2023-01-01,Hubballi,Narayanapura,0.59,0.35,55.93,1.21,41,1871796,241.04,77.91,141.62
2023-01-02,Hubballi,Narayanapura,1.26,1.01,66.91,0.7,6,1229075,178.04,15.71,81.29
2023-01-03,Hubballi,Kabini,1.18,0.09,85.59,5.57,28,1817346,85.26,96.92,29.41
2023-01-04,Hubballi,Malaprabha,0.59,0.01,96.46,9.18,40,162181,212.74,93.79,21.5
2023-01-05,Hubballi,Ghataprabha,0.09,0.06,71.32,4.84,52,1884830,232.5,88.16,167.69
2023-01-06,Hubballi,Almatti,1.26,0.33,15.92,2.13,41,679674,261.4,14.61,197.46
2023-01-07,Hubballi,Hemavathi,1.27,0.74,90.5,1.72,36,722019,284.28,74.73,27.64
2023-01-08,Hubballi,Ghataprabha,0.36,0.26,37.15,5.28,35,2140877,50.62,30.17,162.08
2023-01-09,Hubballi,Bhadra,0.13,0.04,22.19,1.04,9,535377,70.11,14.19,153.79
2023-01-10,Hubballi,Almatti,1.44,0.87,42.55,8.24,69,3532144,82.18,50.94,61.98
2023-01-11,Hubballi,Kabini,0.28,0.19,99.06,9.13,24,1237867,70.25,44.06,175.27
2023-01-12,Hubballi,Ghataprabha,0.03,0.0,15.93,6.49,51,4984992,65.11,58.21,88.51
2023-01-13,Hubballi,Linganamakki,0.24,0.04,4.54,1.74,65,2127739,195.13,35.2,78.17
2023-01-14,Hubballi,Tungabhadra,0.92,0.58,98.99,0.23,71,3197313,240.95,23.61,110.9
2023-01-15,Hubballi,Hemavathi,0.3,0.29,81.23,6.94,22,2561287,118.76,24.56,85.13
2023-01-16,Hubballi,Harangi,1.0,0.67,31.88,6.51,95,3965555,194.91,74.18,64.64
2023-01-17,Hubballi,Narayanapura,0.25,0.09,59.08,7.37,46,3704990,252.38,86.78,29.17
2023-01-18,Hubballi,Malaprabha,0.86,0.26,47.86,4.04,51,2389063,286.26,52.0,85.22
2023-01-19,Hubballi,Ghataprabha,1.19,0.74,96.45,4.85,65,4717080,234.47,62.8,174.55
2023-01-20,Hubballi,Linganamakki,1.04,0.05,14.93,8.88,56,2508389,68.15,44.8,142.31
2023-01-21,Hubballi,Narayanapura,1.34,0.17,72.35,8.3,86,3035520,159.85,43.41,171.24
2023-01-22,Hubballi,Bhadra,1.02,0.11,66.7,2.36,52,2068521,131.14,64.06,193.28
2023-01-23,Hubballi,Tungabhadra,0.86,0.31,72.64,2.12,58,916831,250.5,25.89,148.98
2023-01-24,Hubballi,Harangi,0.88,0.54,55.93,4.3,8,4276298,93.71,79.2,116.54
2023-01-25,Hubballi,Malaprabha,0.54,0.39,64.86,0.53,36,4269474,140.7,39.19,162.64
2023-01-26,Hubballi,Kabini,1.05,0.59,18.43,5.2,60,135835,181.45,20.75,115.25
2023-01-27,Hubballi,Linganamakki,1.11,0.79,27.39,6.37,33,3493943,72.43,56.67,42.08
2023-01-28,Hubballi,Kabini,0.41,0.37,45.5,1.32,81,503065,139.1,26.79,120.85
2023-01-29,Hubballi,Krishna Raja Sagara,0.71,0.17,7.88,2.3,67,4234004,166.44,16.87,54.08
2023-01-30,Hubballi,Krishna Raja Sagara,1.35,1.1,0.21,3.52,92,4103769,200.15,59.99,93.9
2023-01-31,Hubballi,Malaprabha,0.65,0.53,54.52,9.29,52,3295337,130.08,10.74,54.88
2023-01-01,Gadag,Krishna Raja Sagara,0.1,0.09,49.6,7.17,2,1061511,161.58,50.87,102.18
2023-01-02,Gadag,Linganamakki,0.16,0.07,36.15,4.23,33,3659194,235.12,47.4,136.38
2023-01-03,Gadag,Ghataprabha,1.2,1.12,4.48,0.74,28,2486156,234.59,89.06,155.38
2023-01-04,Gadag,Narayanapura,1.02,0.09,49.91,1.3,9,3937908,207.06,52.9,53.67
2023-01-05,Gadag,Hemavathi,1.18,0.89,11.58,8.14,94,1954685,71.14,58.58,66.61
2023-01-06,Gadag,Krishna Raja Sagara,0.79,0.39,24.87,2.36,54,3152950,137.54,54.21,113.8
2023-01-07,Gadag,Narayanapura,1.14,0.16,51.86,3.16,19,1947563,298.36,77.42,77.21
2023-01-08,Gadag,Hemavathi,0.23,0.18,26.01,3.26,89,2406776,84.0,23.0,123.12
2023-01-09,Gadag,Almatti,0.44,0.36,98.95,3.42,74,2026552,139.93,59.91,87.37
2023-01-10,Gadag,Hemavathi,0.48,0.14,1.3,4.85,9,846617,189.41,22.64,44.17
2023-01-11,Gadag,Narayanapura,1.21,0.67,66.25,4.47,66,662492,163.63,98.5,161.16
2023-01-12,Gadag,Linganamakki,0.88,0.61,95.63,8.61,44,183782,268.73,58.76,95.08
2023-01-13,Gadag,Narayanapura,1.2,0.24,33.32,6.27,87,1214049,187.44,50.2,52.39
2023-01-14,Gadag,Narayanapura,1.36,0.94,15.16,8.0,54,2268338,204.35,89.04,77.3
2023-01-15,Gadag,Almatti,0.28,0.18,29.58,6.0,14,540987,92.05,19.54,102.09
2023-01-16,Gadag,Bhadra,0.83,0.23,26.64,7.8,76,2557690,236.59,43.55,58.62
2023-01-17,Gadag,Ghataprabha,0.96,0.87,39.88,1.56,31,2308416,132.55,75.49,43.53
2023-01-18,Gadag,Bhadra,0.71,0.27,27.43,8.0,84,1901972,286.32,15.95,156.61
2023-01-19,Gadag,Tungabhadra,0.27,0.21,14.36,7.8,65,130632,294.0,58.94,188.95
2023-01-20,Gadag,Kabini,1.49,0.44,4.16,6.72,44,2793380,120.36,50.71,88.68
2023-01-21,Gadag,Bhadra,0.7,0.42,80.17,1.39,58,990349,242.38,97.4,170.34
2023-01-22,Gadag,Krishna Raja Sagara,0.83,0.32,39.59,7.75,73,4826587,211.28,49.69,72.44
2023-01-23,Gadag,Hemavathi,1.0,0.15,18.99,0.93,77,2331996,178.27,94.84,198.46
2023-01-24,Gadag,Hemavathi,0.48,0.03,69.78,4.72,48,2466227,159.92,12.99,29.24
2023-01-25,Gadag,Linganamakki,0.05,0.04,89.86,0.94,36,408871,298.74,87.32,131.74
2023-01-26,Gadag,Harangi,1.11,0.37,88.59,9.74,60,670437,243.99,48.1,83.86
2023-01-27,Gadag,Bhadra,0.19,0.09,20.86,4.86,70,888761,72.38,67.02,39.24
2023-01-28,Gadag,Almatti,1.04,0.23,87.74,4.09,64,1179247,210.15,62.57,170.85
2023-01-29,Gadag,Hemavathi,0.02,0.01,79.38,2.06,73,480999,190.94,49.6,95.76
2023-01-30,Gadag,Linganamakki,0.49,0.22,83.44,0.56,58,1096915,113.13,50.79,81.5
2023-01-31,Gadag,Bhadra,0.08,0.02,95.66,5.2,84,4741786,151.22,96.9,136.39
2023-01-01,Kalaburagi,Bhadra,0.93,0.73,35.07,7.23,98,4658672,112.6,47.01,165.36
2023-01-02,Kalaburagi,Hemavathi,1.28,0.09,96.22,1.95,38,1302642,236.82,70.58,170.83
2023-01-03,Kalaburagi,Narayanapura,0.79,0.17,56.06,5.86,38,2681871,153.96,36.98,25.37
2023-01-04,Kalaburagi,Kabini,1.05,1.05,91.12,7.53,21,2975088,245.62,51.67,150.07
2023-01-05,Kalaburagi,Tungabhadra,0.47,0.01,96.87,0.81,23,4643483,69.63,37.55,43.42
2023-01-06,Kalaburagi,Linganamakki,1.2,0.92,55.27,9.95,94,2208651,177.55,43.16,30.53
2023-01-07,Kalaburagi,Ghataprabha,0.77,0.7,34.61,4.16,89,3131265,263.58,28.14,82.61
2023-01-08,Kalaburagi,Kabini,0.93,0.74,47.81,8.98,31,2536048,134.07,38.83,177.28
2023-01-09,Kalaburagi,Hemavathi,1.06,0.38,40.97,2.81,66,4716176,242.57,80.88,65.96
2023-01-10,Kalaburagi,Linganamakki,0.27,0.08,27.16,8.88,66,685553,208.94,59.82,192.9
2023-01-11,Kalaburagi,Kabini,0.4,0.16,41.62,2.99,60,3067339,180.77,10.01,133.75
2023-01-12,Kalaburagi,Tungabhadra,0.82,0.69,55.78,6.88,3,1520953,127.96,33.61,186.16
2023-01-13,Kalaburagi,Krishna Raja Sagara,1.06,0.68,18.56,7.54,62,1498424,110.76,80.52,86.66
2023-01-14,Kalaburagi,Linganamakki,0.39,0.37,68.32,3.26,87,2689671,290.6,61.1,162.7
2023-01-15,Kalaburagi,Hemavathi,0.45,0.27,28.52,4.32,98,1812736,94.27,65.45,29.63
2023-01-16,Kalaburagi,Narayanapura,0.81,0.06,26.73,7.31,42,926291,237.32,17.12,146.82
2023-01-17,Kalaburagi,Almatti,0.61,0.33,77.99,8.69,49,3296006,291.58,66.87,131.2
2023-01-18,Kalaburagi,Almatti,1.34,1.07,5.54,7.32,27,1539979,285.2,41.07,179.75
2023-01-19,Kalaburagi,Malaprabha,0.15,0.06,13.96,5.59,80,3393372,157.41,69.08,140.53
2023-01-20,Kalaburagi,Ghataprabha,0.74,0.22,23.93,1.65,8,3710316,283.36,41.63,38.41
2023-01-21,Kalaburagi,Bhadra,0.81,0.48,40.38,8.5,77,2203638,101.15,90.01,109.96
2023-01-22,Kalaburagi,Tungabhadra,0.35,0.31,93.6,4.1,7,355201,162.79,23.19,180.21
2023-01-23,Kalaburagi,Ghataprabha,0.7,0.31,6.52,3.81,21,4935674,173.8,24.01,81.04
2023-01-24,Kalaburagi,Harangi,0.28,0.04,48.49,9.94,28,3181159,277.15,42.37,74.62
2023-01-25,Kalaburagi,Kabini,0.61,0.16,86.31,7.85,7,3209244,134.53,65.15,99.56
2023-01-26,Kalaburagi,Bhadra,1.3,0.09,33.96,7.48,77,478444,216.78,19.17,24.15
2023-01-27,Kalaburagi,Krishna Raja Sagara,0.63,0.49,91.65,8.37,16,2965488,155.62,47.33,134.25
2023-01-28,Kalaburagi,Bhadra,1.07,0.9,80.38,4.66,5,3273782,139.62,91.72,74.93
2023-01-29,Kalaburagi,Bhadra,1.49,0.57,93.28,1.0,72,2644836,68.53,75.89,119.75
2023-01-30,Kalaburagi,Bhadra,0.37,0.17,18.32,4.82,58,4262579,153.89,49.58,74.06
2023-01-31,Kalaburagi,Narayanapura,0.43,0.12,84.54,9.66,68,3112340,285.67,11.06,47.08
2023-01-01,Kolar,Almatti,0.38,0.34,45.15,4.11,88,4451793,299.65,84.08,131.74
2023-01-02,Kolar,Malaprabha,1.1,0.84,42.24,4.68,86,4456519,119.1,20.68,103.67
2023-01-03,Kolar,Ghataprabha,0.32,0.23,85.44,8.39,14,2355933,294.76,25.86,69.84
2023-01-04,Kolar,Ghataprabha,1.05,0.7,78.89,6.4,83,4451227,51.59,54.59,184.24
2023-01-05,Kolar,Hemavathi,0.64,0.1,17.95,1.36,1,3571464,292.03,53.75,92.86
2023-01-06,Kolar,Linganamakki,0.56,0.07,64.34,1.32,99,3640419,126.35,42.47,67.87
2023-01-07,Kolar,Ghataprabha,0.65,0.32,55.12,1.6,79,554407,264.24,29.75,115.06
2023-01-08,Kolar,Krishna Raja Sagara,0.2,0.05,74.9,7.63,3,1676499,113.38,22.77,100.78
2023-01-09,Kolar,Hemavathi,0.59,0.52,63.59,2.2,5,554374,203.0,86.22,61.08
2023-01-10,Kolar,Narayanapura,0.37,0.01,10.54,3.8,87,3813305,278.94,18.25,113.67
2023-01-11,Kolar,Krishna Raja Sagara,1.06,0.78,22.71,5.23,35,4603059,226.74,85.6,120.16
2023-01-12,Kolar,Narayanapura,1.34,0.14,57.75,0.65,19,4194043,69.9,72.67,86.71
2023-01-13,Kolar,Ghataprabha,0.81,0.11,94.52,0.6,64,2938660,239.06,73.07,156.4
2023-01-14,Kolar,Ghataprabha,0.32,0.18,71.21,5.96,78,1250845,211.56,51.78,97.67
2023-01-15,Kolar,Krishna Raja Sagara,0.07,0.04,92.44,9.35,34,336774,218.25,27.8,148.75
2023-01-16,Kolar,Bhadra,0.98,0.96,30.98,4.43,96,4002589,155.55,46.56,104.63
2023-01-17,Kolar,Kabini,1.39,0.93,47.9,7.8,99,4565386,181.2,65.59,175.91
2023-01-18,Kolar,Malaprabha,0.87,0.36,96.71,0.92,20,414234,175.63,27.44,95.68
2023-01-19,Kolar,Ghataprabha,1.28,1.07,40.12,5.9,29,4218665,54.05,40.77,123.46
2023-01-20,Kolar,Narayanapura,0.76,0.0,18.29,7.98,99,1725679,272.96,82.91,110.55
2023-01-21,Kolar,Ghataprabha,0.62,0.55,32.47,8.38,39,1335594,223.79,47.99,141.25
2023-01-22,Kolar,Narayanapura,0.6,0.13,11.61,1.67,81,4358978,80.08,63.76,179.09
2023-01-23,Kolar,Almatti,1.4,0.3,76.63,3.15,38,4250960,287.19,35.36,111.79
2023-01-24,Kolar,Ghataprabha,0.8,0.02,35.05,2.37,52,1386809,113.14,62.67,90.42
2023-01-25,Kolar,Ghataprabha,1.28,0.82,85.86,8.11,23,2740008,135.84,11.01,144.06
2023-01-26,Kolar,Harangi,0.79,0.5,57.82,5.26,76,134732,191.76,46.01,162.21
2023-01-27,Kolar,Krishna Raja Sagara,0.81,0.3,80.68,5.86,72,2706832,253.08,75.77,169.4
2023-01-28,Kolar,Narayanapura,1.5,0.53,95.15,3.91,7,4978322,204.5,78.46,35.31
2023-01-29,Kolar,Ghataprabha,1.24,0.42,49.99,4.19,21,3725354,124.33,54.66,84.91
2023-01-30,Kolar,Hemavathi,0.45,0.43,62.06,0.3,80,2481157,193.26,17.54,103.46
2023-01-31,Kolar,Kabini,0.35,0.27,73.92,8.75,64,2212740,71.95,53.82,148.51
2023-01-01,Chikkaballapura,Krishna Raja Sagara,0.8,0.27,45.65,0.04,43,120122,177.12,73.94,21.69
2023-01-02,Chikkaballapura,Hemavathi,0.47,0.2,6.4,8.38,65,3276155,107.88,62.06,125.56
2023-01-03,Chikkaballapura,Linganamakki,0.17,0.06,53.82,5.64,53,550874,118.58,38.65,29.21
2023-01-04,Chikkaballapura,Kabini,0.79,0.29,22.52,6.62,49,1190233,80.29,79.32,92.59
2023-01-05,Chikkaballapura,Tungabhadra,0.05,0.04,49.44,0.7,18,4331536,267.82,48.15,120.28
2023-01-06,Chikkaballapura,Hemavathi,1.41,0.93,26.6,0.71,9,371684,259.61,42.89,55.93
2023-01-07,Chikkaballapura,Tungabhadra,1.24,0.97,25.19,4.78,65,3841235,271.77,41.56,28.79
2023-01-08,Chikkaballapura,Krishna Raja Sagara,0.43,0.2,7.14,3.96,97,2147748,280.16,55.65,161.01
2023-01-09,Chikkaballapura,Almatti,0.6,0.05,31.74,7.95,60,1018488,132.72,45.45,77.67
2023-01-10,Chikkaballapura,Kabini,1.05,1.05,76.16,1.5,25,4900908,224.75,75.94,77.69
2023-01-11,Chikkaballapura,Kabini,1.34,0.63,9.5,9.37,81,980648,279.84,23.3,85.32
2023-01-12,Chikkaballapura,Krishna Raja Sagara,0.28,0.14,15.1,5.71,47,4138049,170.44,92.71,167.18
2023-01-13,Chikkaballapura,Malaprabha,0.92,0.64,21.66,1.05,90,887703,279.88,82.84,81.97
2023-01-14,Chikkaballapura,Linganamakki,0.95,0.92,16.29,2.59,82,900992,206.48,53.28,154.34
2023-01-15,Chikkaballapura,Tungabhadra,0.37,0.02,76.9,1.85,12,2892428,229.79,53.59,98.35
2023-01-16,Chikkaballapura,Narayanapura,1.17,0.16,52.93,2.44,98,4028547,163.51,89.57,169.5
2023-01-17,Chikkaballapura,Linganamakki,0.63,0.52,68.18,9.93,53,3182422,242.97,98.84,188.46
2023-01-18,Chikkaballapura,Almatti,0.54,0.27,35.91,4.4,44,3502337,229.43,38.07,148.08
2023-01-19,Chikkaballapura,Kabini,0.78,0.57,14.37,9.26,12,3476091,155.44,31.13,152.41
2023-01-20,Chikkaballapura,Tungabhadra,1.37,0.75,57.19,2.16,26,891879,196.35,97.1,117.28
2023-01-21,Chikkaballapura,Krishna Raja Sagara,1.34,0.88,23.36,9.4,83,4899948,246.19,80.45,173.4
2023-01-22,Chikkaballapura,Malaprabha,0.37,0.04,78.21,7.18,6,2317139,67.48,81.88,93.22
2023-01-23,Chikkaballapura,Narayanapura,1.15,0.12,54.09,5.07,48,3255294,67.04,90.01,121.57
2023-01-24,Chikkaballapura,Kabini,1.25,0.85,78.4,6.71,100,1988601,135.36,29.17,197.81
2023-01-25,Chikkaballapura,Kabini,0.24,0.08,45.5,3.45,24,2791956,165.86,32.81,180.95
2023-01-26,Chikkaballapura,Ghataprabha,0.79,0.3,1.03,3.16,60,2611575,172.74,69.91,89.91
2023-01-27,Chikkaballapura,Harangi,0.02,0.02,70.27,8.42,73,993852,216.03,77.36,177.66
2023-01-28,Chikkaballapura,Bhadra,0.24,0.14,96.13,9.37,47,600447,96.28,44.84,120.92
2023-01-29,Chikkaballapura,Bhadra,0.36,0.26,43.11,8.12,6,1003837,216.46,37.15,120.36
2023-01-30,Chikkaballapura,Hemavathi,0.43,0.28,64.34,7.23,17,2857964,111.91,50.51,90.12
2023-01-31,Chikkaballapura,Tungabhadra,0.8,0.77,93.03,4.91,73,3671278,108.01,92.29,47.84
2023-01-01,Bidar,Almatti,0.03,0.02,6.1,5.79,17,1603801,218.5,82.42,58.69
2023-01-02,Bidar,Bhadra,0.74,0.13,28.53,2.91,78,594336,144.72,91.08,113.54
2023-01-03,Bidar,Almatti,0.92,0.25,55.32,5.75,86,3467626,130.63,19.52,194.78
2023-01-04,Bidar,Kabini,1.17,0.26,40.26,5.86,75,4873238,108.61,59.15,86.13
2023-01-05,Bidar,Tungabhadra,1.46,0.49,11.36,4.17,68,1501173,279.94,50.12,23.02
2023-01-06,Bidar,Hemavathi,1.13,0.19,17.05,4.19,30,1562122,130.85,81.45,116.33
2023-01-07,Bidar,Kabini,0.5,0.12,92.05,7.73,55,810403,93.56,53.23,139.3
2023-01-08,Bidar,Bhadra,0.84,0.65,61.33,3.46,26,2776684,151.16,49.07,81.72
2023-01-09,Bidar,Krishna Raja Sagara,1.35,1.27,46.27,3.83,16,1417780,270.5,54.35,102.56
2023-01-10,Bidar,Ghataprabha,0.85,0.51,36.47,5.24,89,4862132,105.46,72.18,169.85
2023-01-11,Bidar,Bhadra,0.02,0.0,69.0,3.71,57,1588966,274.73,28.4,104.62
2023-01-12,Bidar,Linganamakki,1.18,0.42,0.21,3.92,73,4900879,266.42,48.93,23.08
2023-01-13,Bidar,Krishna Raja Sagara,0.85,0.17,38.48,9.22,31,973186,286.51,84.74,54.69
2023-01-14,Bidar,Hemavathi,1.06,0.72,58.97,3.98,91,1804101,51.03,12.71,57.0
2023-01-15,Bidar,Kabini,0.19,0.1,31.36,6.21,67,1527415,52.02,47.42,168.39
2023-01-16,Bidar,Linganamakki,0.92,0.61,0.73,2.36,34,904663,65.27,19.28,25.54
2023-01-17,Bidar,Bhadra,0.57,0.53,55.24,6.9,26,4374557,163.12,87.97,156.26
2023-01-18,Bidar,Linganamakki,1.42,0.38,96.32,2.07,63,4367230,252.24,25.44,67.59
2023-01-19,Bidar,Kabini,0.01,0.01,53.26,1.35,72,3876927,288.92,18.48,62.08
2023-01-20,Bidar,Ghataprabha,0.52,0.08,38.59,1.81,47,1498504,142.45,92.41,159.41
2023-01-21,Bidar,Hemavathi,0.59,0.36,90.15,5.44,5,3793026,251.01,47.19,193.68
2023-01-22,Bidar,Harangi,0.08,0.07,28.8,7.47,4,3887933,104.85,41.35,179.09
2023-01-23,Bidar,Tungabhadra,0.46,0.19,20.8,9.05,13,4703027,253.26,67.72,152.32
2023-01-24,Bidar,Narayanapura,0.45,0.09,61.77,3.63,79,1429016,108.89,65.64,25.61
2023-01-25,Bidar,Krishna Raja Sagara,0.69,0.48,35.56,4.37,85,2528379,145.93,96.74,113.93
2023-01-26,Bidar,Linganamakki,0.61,0.48,62.59,7.92,69,1500250,149.63,63.11,183.61
2023-01-27,Bidar,Linganamakki,0.55,0.23,58.92,7.71,16,2562003,169.4,97.0,171.89
2023-01-28,Bidar,Tungabhadra,0.66,0.49,60.43,6.83,44,1016486,215.61,48.32,185.74
2023-01-29,Bidar,Ghataprabha,0.19,0.02,27.58,6.04,68,2012252,228.28,83.56,199.55
2023-01-30,Bidar,Tungabhadra,0.23,0.21,64.58,7.03,83,1282465,73.65,84.84,196.77
2023-01-31,Bidar,Kabini,0.54,0.17,19.84,7.3,22,1878791,57.1,46.65,71.65
2023-01-01,Raichur,Narayanapura,0.03,0.0,97.96,3.86,84,2608052,218.95,93.97,143.13
2023-01-02,Raichur,Almatti,0.23,0.21,81.96,7.65,79,1636379,177.9,69.73,80.43
2023-01-03,Raichur,Almatti,1.4,1.33,39.04,3.72,18,3865787,272.5,40.08,36.84
2023-01-04,Raichur,Krishna Raja Sagara,0.04,0.0,59.0,7.62,97,2829403,210.25,51.77,28.58
2023-01-05,Raichur,Hemavathi,0.72,0.71,78.77,7.76,94,739620,136.07,19.89,182.24
2023-01-06,Raichur,Kabini,0.08,0.02,96.43,1.55,52,3596502,87.49,64.84,40.31
2023-01-07,Raichur,Hemavathi,0.23,0.19,50.44,3.29,78,703062,275.3,28.67,93.53
2023-01-08,Raichur,Ghataprabha,1.16,0.51,83.07,5.2,73,567080,253.48,18.7,149.89
2023-01-09,Raichur,Ghataprabha,0.82,0.09,34.34,2.97,52,1114655,184.15,58.01,104.75
2023-01-10,Raichur,Bhadra,0.38,0.09,24.71,6.99,76,1184275,232.45,73.97,196.46
2023-01-11,Raichur,Bhadra,1.34,1.26,83.81,5.7,31,4688116,159.16,92.47,172.51
2023-01-12,Raichur,Narayanapura,0.15,0.06,8.47,0.79,90,4526801,170.54,60.06,119.44
2023-01-13,Raichur,Malaprabha,1.35,0.63,20.03,1.42,88,4869775,198.43,35.98,191.7
2023-01-14,Raichur,Hemavathi,0.52,0.41,93.02,5.53,13,4598970,136.99,54.45,57.18
2023-01-15,Raichur,Kabini,0.64,0.53,95.82,0.54,89,740502,176.35,27.62,21.81
2023-01-16,Raichur,Ghataprabha,1.1,0.42,72.12,1.03,100,3833078,183.66,11.79,34.67
2023-01-17,Raichur,Ghataprabha,0.63,0.19,88.8,0.88,77,2583642,164.03,66.8,56.43
2023-01-18,Raichur,Krishna Raja Sagara,0.09,0.05,0.5,3.06,91,4877581,75.99,51.37,86.71
2023-01-19,Raichur,Almatti,0.24,0.15,95.38,9.52,73,155508,134.41,42.89,164.89
2023-01-20,Raichur,Linganamakki,0.4,0.28,19.23,1.0,15,4091210,53.68,75.55,79.82
2023-01-21,Raichur,Krishna Raja Sagara,0.37,0.26,63.88,9.43,86,4290179,201.58,50.19,130.06
2023-01-22,Raichur,Harangi,0.33,0.31,59.76,5.27,56,730885,267.07,79.96,66.93
2023-01-23,Raichur,Ghataprabha,0.1,0.05,59.59,6.96,87,1707493,227.92,14.43,119.39
2023-01-24,Raichur,Tungabhadra,0.71,0.03,39.42,0.52,99,4461908,63.4,32.78,28.55
2023-01-25,Raichur,Linganamakki,1.04,0.03,15.46,1.77,69,640461,208.51,64.29,139.97
2023-01-26,Raichur,Kabini,1.19,0.6,55.31,8.19,86,4108942,114.49,81.01,109.03
2023-01-27,Raichur,Malaprabha,0.1,0.03,85.18,0.11,10,2546614,287.44,13.34,37.42
2023-01-28,Raichur,Tungabhadra,1.07,0.61,15.86,5.31,79,1813306,223.17,66.14,154.32
2023-01-29,Raichur,Malaprabha,1.21,0.55,53.35,5.05,35,4047120,295.53,68.59,79.13
2023-01-30,Raichur,Ghataprabha,0.05,0.05,97.86,9.11,88,1242278,226.33,65.08,48.47
2023-01-31,Raichur,Linganamakki,0.55,0.51,8.79,7.02,65,3545806,267.48,97.04,58.39
2023-01-01,Yadgir,Harangi,0.75,0.07,48.01,3.16,5,4281916,51.15,32.03,147.87
2023-01-02,Yadgir,Narayanapura,1.14,1.13,14.41,0.21,37,2236097,227.88,20.76,24.26
2023-01-03,Yadgir,Malaprabha,0.15,0.08,94.11,1.31,64,3248363,116.69,10.24,25.25
2023-01-04,Yadgir,Hemavathi,0.47,0.37,45.46,5.16,21,2136799,76.99,51.49,57.0
2023-01-05,Yadgir,Ghataprabha,1.05,0.13,34.21,0.45,62,3153770,111.54,52.34,192.37
2023-01-06,Yadgir,Malaprabha,0.24,0.1,14.51,1.44,33,2603008,121.33,67.55,41.18
2023-01-07,Yadgir,Tungabhadra,0.07,0.01,14.24,0.46,99,4951046,50.69,28.48,72.35
2023-01-08,Yadgir,Harangi,0.53,0.02,66.11,3.27,4,418163,73.21,51.89,100.17
2023-01-09,Yadgir,Harangi,0.85,0.56,36.71,3.51,78,2195523,120.01,13.84,71.17
2023-01-10,Yadgir,Krishna Raja Sagara,0.19,0.14,60.93,5.83,60,4026869,159.51,49.15,124.36
2023-01-11,Yadgir,Bhadra,1.13,0.18,10.75,7.79,77,1793107,55.1,76.16,106.6
2023-01-12,Yadgir,Almatti,1.49,1.11,18.62,5.76,23,896926,198.99,71.61,76.89
2023-01-13,Yadgir,Kabini,0.97,0.01,18.96,2.49,99,1407446,89.51,69.16,90.16
2023-01-14,Yadgir,Linganamakki,0.99,0.9,85.72,2.73,13,4410573,269.88,80.64,124.27
2023-01-15,Yadgir,Almatti,0.75,0.26,34.16,5.69,47,4041623,203.3,90.65,189.72
2023-01-16,Yadgir,Narayanapura,1.18,0.67,91.93,7.81,0,4453474,252.82,22.27,41.49
2023-01-17,Yadgir,Narayanapura,0.95,0.64,81.82,4.22,75,4208088,93.41,52.9,131.35
2023-01-18,Yadgir,Kabini,1.16,0.61,56.33,5.84,97,2377127,212.48,73.19,180.64
2023-01-19,Yadgir,Kabini,1.14,0.43,11.24,9.65,58,4941749,197.52,12.91,70.89
2023-01-20,Yadgir,Harangi,0.6,0.01,65.64,8.88,79,884184,173.41,67.76,128.63
2023-01-21,Yadgir,Bhadra,0.94,0.07,14.41,8.89,49,2677432,217.49,33.77,53.73
2023-01-22,Yadgir,Malaprabha,0.55,0.19,70.28,6.29,84,4551255,260.42,32.23,176.87
2023-01-23,Yadgir,Linganamakki,1.29,1.23,66.79,9.9,30,2099266,234.23,25.54,183.38
2023-01-24,Yadgir,Malaprabha,1.16,0.73,98.79,4.25,29,2750840,212.66,66.5,26.62
2023-01-25,Yadgir,Hemavathi,1.35,0.58,10.86,8.76,6,317396,153.79,60.0,65.83
2023-01-26,Yadgir,Tungabhadra,0.16,0.13,64.71,6.99,41,3084483,78.04,50.82,127.55
2023-01-27,Yadgir,Tungabhadra,0.9,0.26,78.0,9.78,32,2752734,164.91,83.6,158.19
2023-01-28,Yadgir,Krishna Raja Sagara,1.19,0.17,28.29,5.87,95,2162309,281.67,42.27,169.09
2023-01-29,Yadgir,Narayanapura,0.72,0.2,2.91,8.82,16,2746150,269.19,79.59,63.93
2023-01-30,Yadgir,Malaprabha,1.13,0.81,93.11,9.84,15,4958736,185.9,34.07,148.54
2023-01-31,Yadgir,Malaprabha,0.47,0.28,61.49,4.98,3,4732220,194.22,22.75,153.72
2023-01-01,Bagalkote,Ghataprabha,1.11,0.18,55.25,8.15,56,3342389,60.21,11.45,59.59
2023-01-02,Bagalkote,Bhadra,0.92,0.46,49.08,9.55,48,517751,88.17,67.35,28.43
2023-01-03,Bagalkote,Tungabhadra,0.5,0.21,56.98,0.73,18,3507926,142.65,82.0,67.81
2023-01-04,Bagalkote,Almatti,0.96,0.65,89.45,0.72,41,1879229,281.21,63.28,30.26
2023-01-05,Bagalkote,Bhadra,0.07,0.02,27.6,2.41,57,3288145,163.68,85.19,61.18
2023-01-06,Bagalkote,Kabini,0.07,0.06,4.86,9.94,24,142962,98.51,52.12,125.19
2023-01-07,Bagalkote,Ghataprabha,1.47,0.82,75.95,8.52,2,1951163,287.03,97.97,133.29
2023-01-08,Bagalkote,Bhadra,0.11,0.08,72.12,8.64,74,4664064,84.39,49.52,104.52
2023-01-09,Bagalkote,Almatti,0.9,0.34,11.81,2.18,35,2590891,238.32,57.67,83.7
2023-01-10,Bagalkote,Hemavathi,0.77,0.01,71.46,8.69,14,4831656,95.88,69.46,101.06
2023-01-11,Bagalkote,Kabini,0.48,0.38,90.67,6.34,47,4882279,270.72,33.76,72.59
2023-01-12,Bagalkote,Almatti,0.31,0.29,94.26,7.32,28,3351349,206.84,66.5,164.55
2023-01-13,Bagalkote,Hemavathi,0.88,0.12,65.59,7.54,13,4601678,212.11,42.75,80.66
2023-01-14,Bagalkote,Harangi,0.7,0.45,57.74,1.34,61,2498967,201.9,47.02,126.69
2023-01-15,Bagalkote,Tungabhadra,0.82,0.65,56.41,9.27,58,113354,284.98,17.7,44.65
2023-01-16,Bagalkote,Tungabhadra,0.39,0.38,60.2,8.25,17,1214105,169.15,78.04,47.17
2023-01-17,Bagalkote,Malaprabha,0.78,0.08,9.16,0.48,22,119386,217.6,60.09,117.36
2023-01-18,Bagalkote,Narayanapura,0.03,0.02,13.91,7.22,7,4194010,295.94,91.12,173.53
2023-01-19,Bagalkote,Ghataprabha,0.18,0.0,28.61,7.92,51,1963366,290.13,94.03,33.96
2023-01-20,Bagalkote,Krishna Raja Sagara,1.32,0.7,71.13,9.65,13,3094651,113.45,20.93,46.13
2023-01-21,Bagalkote,Harangi,0.03,0.01,7.03,6.7,86,831598,189.0,12.28,182.09
2023-01-22,Bagalkote,Linganamakki,0.9,0.68,90.23,8.66,34,690596,105.93,91.64,117.11
2023-01-23,Bagalkote,Kabini,1.37,1.12,52.87,8.66,56,4104641,51.34,58.59,108.54
2023-01-24,Bagalkote,Bhadra,1.21,0.25,29.72,2.44,11,2306098,130.71,51.08,145.98
2023-01-25,Bagalkote,Almatti,0.28,0.22,46.23,0.14,35,2208781,60.79,21.56,183.54
2023-01-26,Bagalkote,Ghataprabha,0.23,0.1,89.69,8.76,67,1697364,120.88,19.88,21.37
2023-01-27,Bagalkote,Harangi,1.19,0.34,3.92,5.74,58,2248294,299.7,75.25,72.49
2023-01-28,Bagalkote,Krishna Raja Sagara,0.23,0.21,50.35,6.28,65,4115387,97.55,15.63,68.42
2023-01-29,Bagalkote,Bhadra,0.54,0.08,2.68,8.01,83,2973441,143.53,11.06,96.46
2023-01-30,Bagalkote,Malaprabha,0.25,0.11,18.79,6.97,58,4466963,283.1,81.82,150.04
2023-01-31,Bagalkote,Linganamakki,0.22,0.11,85.43,4.12,25,2021180,274.01,88.61,126.82
2023-01-01,Vijayapura,Ghataprabha,0.76,0.69,45.06,9.41,27,813076,170.6,85.18,52.31
2023-01-02,Vijayapura,Bhadra,1.23,0.4,19.59,4.76,17,4301388,292.48,30.87,110.03
2023-01-03,Vijayapura,Krishna Raja Sagara,0.85,0.51,25.59,3.04,66,3939923,217.6,25.4,85.27
2023-01-04,Vijayapura,Hemavathi,0.58,0.53,95.28,2.01,15,2498784,80.53,67.57,20.78
2023-01-05,Vijayapura,Hemavathi,1.45,0.79,33.18,7.68,97,4610690,245.25,42.85,167.34
2023-01-06,Vijayapura,Hemavathi,0.66,0.06,70.26,1.13,84,4174654,268.49,88.48,21.98
2023-01-07,Vijayapura,Ghataprabha,0.74,0.2,20.28,1.92,31,1757942,75.86,99.45,36.88
2023-01-08,Vijayapura,Kabini,0.99,0.27,89.5,8.34,50,575078,295.39,16.3,181.19
2023-01-09,Vijayapura,Bhadra,0.14,0.02,5.85,3.08,65,2022348,171.23,64.97,182.97
2023-01-10,Vijayapura,Kabini,1.16,0.87,82.77,8.15,82,808096,108.19,78.4,172.47
2023-01-11,Vijayapura,Kabini,0.47,0.22,48.52,6.66,29,3228402,254.97,90.74,150.89
2023-01-12,Vijayapura,Harangi,0.23,0.01,66.67,4.76,46,3808823,242.04,82.63,156.21
2023-01-13,Vijayapura,Narayanapura,0.15,0.03,8.56,2.41,50,4867681,98.76,18.1,43.94
2023-01-14,Vijayapura,Kabini,1.5,0.66,52.43,7.57,71,343136,283.46,73.74,69.65
2023-01-15,Vijayapura,Tungabhadra,1.14,0.01,30.52,3.76,47,4384480,259.34,76.04,82.21
2023-01-16,Vijayapura,Almatti,0.75,0.49,97.39,7.25,12,3225193,184.16,12.58,98.68
2023-01-17,Vijayapura,Linganamakki,0.04,0.02,66.75,7.03,25,381490,274.22,66.21,99.94
2023-01-18,Vijayapura,Linganamakki,1.46,0.11,19.0,3.59,62,2433780,181.08,85.41,132.08
2023-01-19,Vijayapura,Narayanapura,0.3,0.2,69.56,0.53,83,1476557,192.61,16.21,37.5
2023-01-20,Vijayapura,Bhadra,1.44,0.51,12.18,1.47,3,761766,83.41,38.89,127.52
2023-01-21,Vijayapura,Malaprabha,0.75,0.51,88.13,4.84,88,1150011,74.37,29.88,36.77
2023-01-22,Vijayapura,Bhadra,0.61,0.26,6.06,3.05,29,3026999,204.37,78.86,175.09
2023-01-23,Vijayapura,Almatti,0.22,0.06,52.38,3.28,96,1203428,291.67,16.57,196.11
2023-01-24,Vijayapura,Hemavathi,0.84,0.16,78.23,0.9,69,2112312,277.16,34.22,179.56
2023-01-25,Vijayapura,Tungabhadra,0.36,0.06,95.02,0.5,92,3183517,60.63,55.57,144.02
2023-01-26,Vijayapura,Tungabhadra,1.37,0.74,6.43,3.91,29,3600042,240.2,62.02,151.74
2023-01-27,Vijayapura,Tungabhadra,1.11,0.72,10.34,3.54,75,2250383,141.54,26.39,138.3
2023-01-28,Vijayapura,Linganamakki,0.6,0.37,48.73,1.82,36,2052398,104.79,61.27,83.35
2023-01-29,Vijayapura,Almatti,0.99,0.67,18.61,9.43,10,3424088,248.35,82.64,62.27
2023-01-30,Vijayapura,Ghataprabha,1.12,0.91,17.6,5.92,58,3532732,193.57,20.48,180.44
2023-01-31,Vijayapura,Krishna Raja Sagara,0.44,0.19,86.25,1.77,92,263531,281.51,49.53,76.64
2023-01-01,Udupi,Krishna Raja Sagara,0.86,0.42,95.81,8.48,32,3869550,51.75,15.46,101.64
2023-01-02,Udupi,Narayanapura,0.31,0.06,37.1,4.37,47,1733365,93.71,72.19,102.75
2023-01-03,Udupi,Malaprabha,1.37,0.37,20.04,9.86,0,719434,175.75,51.31,44.46
2023-01-04,Udupi,Linganamakki,0.18,0.04,3.54,6.88,98,140095,90.43,59.84,179.28
2023-01-05,Udupi,Linganamakki,1.16,0.9,72.05,9.04,50,3460364,111.81,35.04,148.95
2023-01-06,Udupi,Almatti,1.32,0.98,3.64,7.4,67,4147722,63.82,54.74,198.99
2023-01-07,Udupi,Ghataprabha,0.73,0.2,39.16,5.91,15,4309072,261.33,79.54,157.76
2023-01-08,Udupi,Tungabhadra,1.39,0.14,42.92,3.49,79,1032651,199.19,85.49,147.33
2023-01-09,Udupi,Narayanapura,1.47,0.83,14.9,8.9,95,4494355,168.16,80.7,27.55
2023-01-10,Udupi,Hemavathi,0.35,0.28,72.6,4.0,52,4615753,292.82,20.97,189.8
2023-01-11,Udupi,Almatti,0.68,0.56,20.16,2.6,66,4608064,92.37,92.7,113.32
2023-01-12,Udupi,Linganamakki,1.41,0.88,36.43,5.42,53,3297146,104.42,91.68,44.21
2023-01-13,Udupi,Tungabhadra,0.08,0.05,41.37,4.57,87,1992915,146.26,35.7,80.21
2023-01-14,Udupi,Ghataprabha,0.03,0.02,10.35,7.55,38,3827134,75.38,30.16,147.6
2023-01-15,Udupi,Linganamakki,1.09,0.45,79.56,4.9,49,3371330,232.57,96.75,55.13
2023-01-16,Udupi,Almatti,1.35,0.81,79.42,8.09,29,4375894,87.6,18.66,134.2
2023-01-17,Udupi,Hemavathi,1.35,0.74,9.58,6.8,64,4293229,299.69,69.32,42.5
2023-01-18,Udupi,Krishna Raja Sagara,0.55,0.38,49.82,6.41,19,494807,189.89,56.37,90.01
2023-01-19,Udupi,Kabini,0.19,0.14,98.36,2.67,89,1887548,196.42,89.82,75.17
2023-01-20,Udupi,Linganamakki,0.22,0.05,87.76,9.98,42,3862664,146.12,86.57,83.28
2023-01-21,Udupi,Tungabhadra,0.03,0.02,87.15,8.98,43,1253470,279.8,51.32,179.96
2023-01-22,Udupi,Malaprabha,1.21,0.54,72.09,8.58,90,4734381,138.57,53.58,53.72
2023-01-23,Udupi,Linganamakki,0.6,0.31,59.64,7.28,41,683979,134.83,36.69,75.82
2023-01-24,Udupi,Kabini,0.72,0.72,85.72,7.37,34,4227893,214.38,79.46,142.46
2023-01-25,Udupi,Kabini,1.26,0.29,87.49,0.79,88,1322415,124.93,79.59,74.68
2023-01-26,Udupi,Tungabhadra,0.39,0.17,26.87,3.03,61,137929,59.34,56.63,43.31
2023-01-27,Udupi,Krishna Raja Sagara,0.54,0.48,97.56,6.64,41,1360315,128.3,46.31,192.05
2023-01-28,Udupi,Harangi,0.53,0.01,89.28,9.27,88,2457419,98.51,25.77,100.48
2023-01-29,Udupi,Linganamakki,0.65,0.23,88.51,2.5,98,1771770,176.95,88.53,181.15
2023-01-30,Udupi,Malaprabha,1.22,0.94,26.7,9.58,62,277485,215.57,66.45,128.48
2023-01-31,Udupi,Narayanapura,1.11,0.88,51.56,1.94,31,1586707,137.14,74.42,171.76
2023-01-01,Dakshina Kannada,Kabini,0.87,0.4,26.33,9.67,31,1056462,89.25,86.76,107.14
2023-01-02,Dakshina Kannada,Ghataprabha,0.63,0.45,30.12,4.31,91,999033,270.47,98.31,180.23
2023-01-03,Dakshina Kannada,Kabini,0.87,0.68,72.68,8.9,56,4357461,237.43,40.64,151.0
2023-01-04,Dakshina Kannada,Linganamakki,0.11,0.03,21.24,5.18,42,2389432,144.16,34.36,137.62
2023-01-05,Dakshina Kannada,Hemavathi,0.94,0.55,27.34,8.29,80,2059827,242.6,84.65,129.77
2023-01-06,Dakshina Kannada,Bhadra,0.77,0.38,72.13,2.49,27,1855848,115.11,87.98,153.03
2023-01-07,Dakshina Kannada,Krishna Raja Sagara,0.15,0.1,8.76,4.86,86,1555681,74.3,68.46,22.52
2023-01-08,Dakshina Kannada,Malaprabha,0.95,0.47,92.85,0.23,99,1415309,85.82,87.54,172.57
2023-01-09,Dakshina Kannada,Linganamakki,0.45,0.39,65.16,0.07,85,1209509,247.38,72.28,70.39
2023-01-10,Dakshina Kannada,Kabini,1.17,0.19,13.74,5.56,51,4222572,280.93,80.18,49.82
2023-01-11,Dakshina Kannada,Narayanapura,1.34,0.11,88.3,5.71,8,3739853,143.53,89.79,37.92
2023-01-12,Dakshina Kannada,Ghataprabha,0.41,0.38,96.02,2.37,4,2611565,56.17,76.84,188.57
2023-01-13,Dakshina Kannada,Bhadra,0.85,0.25,83.33,7.42,8,1372142,61.52,49.75,46.45
2023-01-14,Dakshina Kannada,Almatti,0.59,0.46,19.6,4.95,24,329036,291.87,60.98,139.69
2023-01-15,Dakshina Kannada,Harangi,0.35,0.05,33.62,6.0,1,4930012,268.39,50.54,133.84
2023-01-16,Dakshina Kannada,Almatti,0.5,0.19,41.43,3.23,35,1354398,275.82,25.14,70.95
2023-01-17,Dakshina Kannada,Bhadra,0.7,0.58,24.85,4.31,20,2785500,184.44,19.47,136.59
2023-01-18,Dakshina Kannada,Kabini,0.15,0.14,6.27,4.45,68,2555384,62.23,75.45,134.92
2023-01-19,Dakshina Kannada,Kabini,0.7,0.16,11.28,2.27,60,3177834,201.37,30.42,178.45
2023-01-20,Dakshina Kannada,Malaprabha,1.29,1.08,28.79,4.42,39,1148951,114.01,11.36,135.64
2023-01-21,Dakshina Kannada,Ghataprabha,0.59,0.46,96.79,0.15,48,2645842,85.42,40.99,36.81
2023-01-22,Dakshina Kannada,Narayanapura,0.68,0.11,70.21,5.55,32,4829996,251.07,78.47,81.06
2023-01-23,Dakshina Kannada,Ghataprabha,0.93,0.5,97.71,3.07,96,2577551,87.19,96.14,181.61
2023-01-24,Dakshina Kannada,Narayanapura,0.75,0.61,4.71,1.35,74,2672894,109.12,21.79,130.31
2023-01-25,Dakshina Kannada,Malaprabha,0.2,0.1,85.91,0.9,1,1949408,263.29,58.03,89.83
2023-01-26,Dakshina Kannada,Narayanapura,0.86,0.49,19.88,0.14,34,596542,117.89,50.48,80.03
2023-01-27,Dakshina Kannada,Hemavathi,0.59,0.11,30.56,7.14,7,3234437,250.04,21.55,185.73
2023-01-28,Dakshina Kannada,Ghataprabha,1.44,0.0,38.26,0.0,19,4038416,116.64,54.11,82.05
2023-01-29,Dakshina Kannada,Kabini,0.24,0.07,50.05,7.05,61,2979638,296.82,84.31,42.78
2023-01-30,Dakshina Kannada,Kabini,0.42,0.32,83.76,8.2,68,891438,232.36,66.21,26.09
2023-01-31,Dakshina Kannada,Krishna Raja Sagara,0.3,0.11,89.83,4.83,2,1680118,61.94,58.75,55.05
2023-01-01,Kodagu,Ghataprabha,0.41,0.27,20.49,4.06,80,393061,53.67,37.96,168.5
2023-01-02,Kodagu,Malaprabha,0.59,0.08,72.92,0.12,100,4084184,65.69,21.94,70.65
2023-01-03,Kodagu,Krishna Raja Sagara,1.45,0.66,56.85,7.46,28,299264,229.14,47.2,49.19
2023-01-04,Kodagu,Kabini,0.29,0.24,67.16,5.18,2,3817749,148.95,65.14,188.98
2023-01-05,Kodagu,Narayanapura,0.83,0.18,9.07,4.57,74,3175221,137.15,44.88,129.13
2023-01-06,Kodagu,Narayanapura,0.65,0.27,11.62,9.46,55,3760966,117.39,67.28,58.84
2023-01-07,Kodagu,Hemavathi,0.39,0.1,98.66,4.15,44,4922398,262.02,34.15,92.82
2023-01-08,Kodagu,Hemavathi,0.65,0.25,29.97,5.14,15,2214428,225.78,34.06,183.16
2023-01-09,Kodagu,Harangi,0.91,0.3,60.66,5.65,51,2404405,217.71,49.45,21.06
2023-01-10,Kodagu,Hemavathi,1.3,0.01,85.23,1.38,48,920555,159.63,20.35,100.14
2023-01-11,Kodagu,Malaprabha,1.26,0.84,79.93,7.05,94,2730780,137.5,12.53,73.52
2023-01-12,Kodagu,Malaprabha,1.15,0.2,18.95,6.3,88,953699,100.7,35.28,44.23
2023-01-13,Kodagu,Krishna Raja Sagara,1.39,0.47,18.48,6.39,36,1300530,191.91,29.83,185.16
2023-01-14,Kodagu,Krishna Raja Sagara,1.04,0.44,43.7,9.21,86,193099,276.48,94.67,49.31
2023-01-15,Kodagu,Linganamakki,0.36,0.26,36.89,8.57,21,3267501,111.83,37.07,199.44
2023-01-16,Kodagu,Ghataprabha,0.1,0.01,1.79,5.55,14,3753036,126.41,29.13,93.2
2023-01-17,Kodagu,Tungabhadra,0.64,0.41,91.99,2.24,56,4172136,126.25,36.09,68.4
2023-01-18,Kodagu,Almatti,0.2,0.06,25.41,7.45,46,3271112,89.61,51.98,130.07
2023-01-19,Kodagu,Narayanapura,0.09,0.01,29.7,8.63,86,3569025,244.44,32.41,195.29
2023-01-20,Kodagu,Bhadra,1.0,0.81,98.28,3.11,31,3469655,294.48,49.99,153.16
2023-01-21,Kodagu,Tungabhadra,0.8,0.42,96.4,4.95,49,4297836,69.42,20.72,25.03
2023-01-22,Kodagu,Malaprabha,0.77,0.65,73.27,8.95,68,669670,295.54,56.37,189.15
2023-01-23,Kodagu,Bhadra,0.34,0.16,18.47,1.38,52,2247314,148.77,35.67,183.28
2023-01-24,Kodagu,Krishna Raja Sagara,0.11,0.07,51.38,4.54,61,1557358,96.96,50.38,177.76
2023-01-25,Kodagu,Narayanapura,1.15,0.1,27.74,3.91,72,3391851,103.73,27.29,37.0
2023-01-26,Kodagu,Narayanapura,0.89,0.02,44.69,5.48,68,1074842,233.87,27.13,39.54
2023-01-27,Kodagu,Bhadra,0.46,0.39,53.85,0.09,76,3117495,155.24,55.13,139.57
2023-01-28,Kodagu,Almatti,0.56,0.12,66.55,7.78,80,2932509,137.7,15.58,34.78
2023-01-29,Kodagu,Tungabhadra,0.41,0.15,55.58,7.14,2,3948258,151.23,68.54,115.62
2023-01-30,Kodagu,Kabini,1.0,0.5,57.38,6.32,60,3862945,100.59,59.38,23.36
2023-01-31,Kodagu,Narayanapura,1.02,0.3,5.17,1.94,0,3776194,233.69,40.11,92.42
2023-01-01,Chamarajanagar,Almatti,0.57,0.16,21.33,7.2,96,2825083,276.6,17.51,168.42
2023-01-02,Chamarajanagar,Kabini,0.26,0.04,10.37,5.73,56,3823517,241.42,53.79,65.41
2023-01-03,Chamarajanagar,Almatti,0.31,0.11,20.25,0.33,100,1609220,116.04,89.4,167.83
2023-01-04,Chamarajanagar,Almatti,1.13,0.63,82.11,9.95,84,4012074,64.43,86.21,66.21
2023-01-05,Chamarajanagar,Kabini,0.01,0.0,22.69,4.48,97,4954150,229.24,14.21,51.31
2023-01-06,Chamarajanagar,Narayanapura,1.45,0.03,9.55,3.01,60,1179214,260.66,30.98,95.27
2023-01-07,Chamarajanagar,Linganamakki,0.63,0.41,8.4,2.19,85,1347212,146.28,68.86,135.74
2023-01-08,Chamarajanagar,Krishna Raja Sagara,0.48,0.23,58.47,6.5,43,3225139,112.65,47.33,124.23
2023-01-09,Chamarajanagar,Krishna Raja Sagara,0.56,0.56,44.64,8.54,36,1905164,296.99,34.42,131.07
2023-01-10,Chamarajanagar,Almatti,0.22,0.21,43.48,0.07,13,3218223,179.71,84.96,49.59
2023-01-11,Chamarajanagar,Krishna Raja Sagara,1.24,0.29,13.77,5.62,9,1976364,111.23,58.16,28.77
2023-01-12,Chamarajanagar,Linganamakki,0.57,0.14,35.32,8.99,58,4552671,183.89,11.7,121.18
2023-01-13,Chamarajanagar,Ghataprabha,1.21,1.14,13.57,3.48,97,2712828,161.25,23.58,160.69
2023-01-14,Chamarajanagar,Bhadra,0.5,0.28,43.43,4.17,25,621502,163.6,39.64,124.51
2023-01-15,Chamarajanagar,Kabini,1.46,0.99,82.34,3.8,46,1049918,167.64,59.89,39.74
2023-01-16,Chamarajanagar,Hemavathi,1.33,0.71,69.54,9.64,3,1633416,95.29,95.82,70.22
2023-01-17,Chamarajanagar,Kabini,0.59,0.52,75.93,4.59,22,2156033,152.12,48.05,110.71
2023-01-18,Chamarajanagar,Harangi,0.26,0.15,59.56,8.41,77,1746572,233.62,19.65,45.87
2023-01-19,Chamarajanagar,Kabini,0.31,0.23,7.28,8.49,0,1767678,257.75,57.03,88.37
2023-01-20,Chamarajanagar,Linganamakki,0.63,0.1,46.22,3.42,76,3839175,197.58,78.8,57.37
2023-01-21,Chamarajanagar,Harangi,0.17,0.13,35.74,9.5,99,1347262,274.25,39.91,67.91
2023-01-22,Chamarajanagar,Harangi,0.35,0.04,73.79,7.34,63,1693209,171.89,13.08,72.81
2023-01-23,Chamarajanagar,Krishna Raja Sagara,0.66,0.49,84.54,4.45,9,3681124,179.67,58.58,185.44
2023-01-24,Chamarajanagar,Harangi,0.97,0.85,39.99,0.9,65,2330624,110.78,24.32,25.0
2023-01-25,Chamarajanagar,Malaprabha,1.5,0.79,22.39,0.95,68,2416713,270.46,77.4,109.48
2023-01-26,Chamarajanagar,Malaprabha,0.48,0.15,15.37,4.48,6,2994382,75.45,97.41,87.88
2023-01-27,Chamarajanagar,Ghataprabha,0.25,0.01,71.93,1.11,70,3643199,85.85,87.53,178.55
2023-01-28,Chamarajanagar,Malaprabha,1.03,0.07,47.11,1.8,57,4553160,156.47,18.18,91.79
2023-01-29,Chamarajanagar,Almatti,1.03,0.61,37.89,6.11,34,3346888,280.92,20.83,106.82
2023-01-30,Chamarajanagar,Krishna Raja Sagara,0.26,0.17,77.48,3.47,51,2296967,230.09,38.65,67.23
2023-01-31,Chamarajanagar,Ghataprabha,1.48,1.25,2.02,5.38,32,2175158,73.68,28.3,53.59
2023-01-01,Koppal,Kabini,0.43,0.37,73.06,6.6,41,752743,172.24,25.78,77.65
2023-01-02,Koppal,Kabini,0.93,0.27,29.28,0.51,7,4373091,239.1,42.11,146.2
2023-01-03,Koppal,Linganamakki,0.67,0.55,35.12,4.53,5,4967241,191.07,44.21,170.48
2023-01-04,Koppal,Krishna Raja Sagara,0.44,0.17,16.61,6.1,20,625915,156.16,60.47,188.88
2023-01-05,Koppal,Narayanapura,0.31,0.23,93.76,4.14,14,3458750,286.46,91.37,26.1
2023-01-06,Koppal,Krishna Raja Sagara,0.52,0.18,82.45,7.83,68,753605,112.24,99.87,126.77
2023-01-07,Koppal,Narayanapura,1.26,1.12,41.38,9.98,80,3976837,220.04,84.03,71.13
2023-01-08,Koppal,Narayanapura,0.54,0.49,82.09,2.9,48,2903491,105.07,55.03,154.61
2023-01-09,Koppal,Malaprabha,0.91,0.18,94.56,2.8,41,3775998,167.62,26.76,110.86
2023-01-10,Koppal,Harangi,1.29,0.05,39.92,0.72,12,2427481,231.52,78.42,68.89
2023-01-11,Koppal,Bhadra,1.04,0.36,2.0,4.02,77,2461831,241.23,51.25,193.91
2023-01-12,Koppal,Linganamakki,1.1,0.9,62.16,1.67,39,183767,293.11,71.06,166.09
2023-01-13,Koppal,Hemavathi,0.33,0.22,17.87,6.62,35,2855887,135.29,79.5,171.04
2023-01-14,Koppal,Tungabhadra,0.67,0.57,27.21,5.09,61,4526382,247.45,87.07,175.86
2023-01-15,Koppal,Bhadra,1.24,0.5,59.82,1.97,97,4262704,195.54,93.84,101.69
2023-01-16,Koppal,Almatti,1.39,0.37,70.85,7.82,83,775922,120.85,42.47,69.35
2023-01-17,Koppal,Krishna Raja Sagara,0.77,0.26,54.82,9.65,61,3763737,167.77,42.15,174.87
2023-01-18,Koppal,Narayanapura,0.63,0.25,94.64,4.51,24,3249263,103.76,96.48,107.86
2023-01-19,Koppal,Tungabhadra,1.17,0.47,85.85,3.44,4,3799422,281.05,17.05,20.71
2023-01-20,Koppal,Krishna Raja Sagara,0.13,0.02,22.47,9.62,93,3809102,289.96,63.4,158.82
2023-01-21,Koppal,Tungabhadra,0.12,0.05,60.29,0.83,78,3715904,154.03,55.88,144.62
2023-01-22,Koppal,Hemavathi,1.43,1.19,82.74,6.6,97,487331,61.14,79.65,162.15
2023-01-23,Koppal,Krishna Raja Sagara,0.15,0.01,85.44,9.24,27,4132191,234.59,11.29,78.22
2023-01-24,Koppal,Hemavathi,1.06,0.86,92.86,3.01,23,4363117,118.22,16.06,176.47
2023-01-25,Koppal,Hemavathi,1.39,0.36,21.21,3.93,25,658696,232.36,13.57,50.52
2023-01-26,Koppal,Krishna Raja Sagara,1.27,0.1,6.8,4.55,100,3408418,211.16,71.92,52.43
2023-01-27,Koppal,Hemavathi,0.97,0.89,30.06,6.06,21,2026178,276.33,33.49,141.4
2023-01-28,Koppal,Harangi,1.26,0.66,69.67,4.38,98,465561,261.99,20.81,78.45
2023-01-29,Koppal,Linganamakki,0.39,0.36,80.47,6.87,3,2062008,89.42,60.11,37.55
2023-01-30,Koppal,Hemavathi,0.36,0.36,53.88,4.79,80,2813386,82.4,18.1,44.55
2023-01-31,Koppal,Linganamakki,0.4,0.37,80.74,8.51,16,2628065,144.0,68.42,131.86
2023-01-01,Ramanagara,Harangi,0.12,0.05,50.11,1.64,19,2034598,166.64,64.13,93.95
2023-01-02,Ramanagara,Tungabhadra,1.43,0.69,88.68,8.1,85,4254329,284.6,23.57,95.56
2023-01-03,Ramanagara,Harangi,1.45,1.17,1.16,6.98,70,996692,124.92,92.61,95.86
2023-01-04,Ramanagara,Hemavathi,0.08,0.07,91.94,2.86,16,1971386,263.82,32.9,63.99
2023-01-05,Ramanagara,Harangi,0.01,0.01,88.41,5.34,36,2507242,122.21,39.55,60.47
2023-01-06,Ramanagara,Malaprabha,0.18,0.0,37.44,2.42,19,4108976,284.95,19.91,47.73
2023-01-07,Ramanagara,Kabini,0.63,0.03,62.81,1.25,28,2879811,200.44,69.34,89.52
2023-01-08,Ramanagara,Bhadra,0.2,0.07,42.95,8.1,0,1682364,196.6,73.71,176.72
2023-01-09,Ramanagara,Krishna Raja Sagara,0.79,0.11,95.05,9.86,18,2485967,189.76,19.34,185.51
2023-01-10,Ramanagara,Almatti,0.79,0.47,88.03,3.52,69,1766102,202.03,24.45,136.3
2023-01-11,Ramanagara,Ghataprabha,0.08,0.07,53.2,9.4,16,2952478,181.86,54.66,66.68
2023-01-12,Ramanagara,Ghataprabha,1.43,0.59,32.02,0.82,18,2184188,289.43,67.88,79.74
2023-01-13,Ramanagara,Narayanapura,0.09,0.02,21.31,5.55,6,608411,228.18,35.76,150.05
2023-01-14,Ramanagara,Almatti,0.11,0.09,7.22,1.67,32,1836140,159.84,33.1,121.23
2023-01-15,Ramanagara,Krishna Raja Sagara,0.04,0.02,43.96,8.37,13,3015008,138.27,77.02,20.86
2023-01-16,Ramanagara,Linganamakki,0.23,0.08,65.84,4.53,7,291800,280.07,19.78,153.1
2023-01-17,Ramanagara,Harangi,1.46,1.36,3.85,3.02,44,2298515,127.5,93.55,39.28
2023-01-18,Ramanagara,Kabini,1.09,0.05,78.06,0.09,39,409191,194.95,10.86,199.42
2023-01-19,Ramanagara,Hemavathi,1.21,0.86,5.11,6.1,87,3354091,95.83,82.58,45.31
2023-01-20,Ramanagara,Malaprabha,1.03,0.75,81.96,3.17,21,2518097,138.51,98.96,91.94
2023-01-21,Ramanagara,Almatti,0.61,0.01,66.69,7.23,4,2938407,167.81,59.8,43.52
2023-01-22,Ramanagara,Narayanapura,1.28,0.81,98.26,7.22,87,2968447,243.72,94.94,76.82
2023-01-23,Ramanagara,Hemavathi,0.53,0.18,83.68,9.58,73,2391700,204.14,68.69,118.16
2023-01-24,Ramanagara,Harangi,0.92,0.6,91.21,7.86,32,3731078,295.33,99.81,145.42
2023-01-25,Ramanagara,Almatti,1.43,0.41,21.97,0.13,10,2324977,219.44,50.28,164.32
2023-01-26,Ramanagara,Linganamakki,0.97,0.31,26.57,0.97,65,2264437,148.81,25.91,94.89
2023-01-27,Ramanagara,Krishna Raja Sagara,1.2,0.16,86.9,2.04,6,3612041,107.07,83.12,168.42
2023-01-28,Ramanagara,Hemavathi,0.87,0.04,67.65,2.3,53,4838711,274.3,63.55,99.09
2023-01-29,Ramanagara,Hemavathi,0.2,0.01,94.92,9.04,29,3567805,137.19,75.59,180.92
2023-01-30,Ramanagara,Almatti,0.02,0.01,90.26,8.64,21,4047012,94.39,40.99,182.24
2023-01-31,Ramanagara,Linganamakki,0.89,0.25,78.63,9.96,3,4918616,241.9,22.21,146.9
